source_path	target_path	size	sha256	source_sha256	transform
UploadFiles/xwzx/2022/10/202210040834353408.png	UploadFiles/xwzx/2022/10/202210040834353408.png	36157	9e3299b72d74fa1a235934c94a82d8f1e9aa4c21285fc7e2e349799cc7f819cf	9e3299b72d74fa1a235934c94a82d8f1e9aa4c21285fc7e2e349799cc7f819cf	
UploadFiles/xwzx/2022/10/202210070815146836.png	UploadFiles/xwzx/2022/10/202210070815146836.png	146373	29e5390c2fe68b44f0cbf8876905758c7403a53342541719fae6641e3f38a941	29e5390c2fe68b44f0cbf8876905758c7403a53342541719fae6641e3f38a941	
UploadFiles/xwzx/2022/10/202210081032270904.png	UploadFiles/xwzx/2022/10/202210081032270904.png	138245	497009efc37030ca25a7290e14f64b2558602330a029dce8685aae8c717baeeb	497009efc37030ca25a7290e14f64b2558602330a029dce8685aae8c717baeeb	
UploadFiles/xwzx/2022/10/202210081032271780.png	UploadFiles/xwzx/2022/10/202210081032271780.png	140186	80a0f50e1b533c1ef29f0e22ff753ad10bede7bffad7445ea69e54ba8d5dbb19	80a0f50e1b533c1ef29f0e22ff753ad10bede7bffad7445ea69e54ba8d5dbb19	
UploadFiles/xwzx/2022/10/202210081032271932.png	UploadFiles/xwzx/2022/10/202210081032271932.png	126447	c429cf823d78a930f90256d53c3ebf1305c8008d5bc0c030aff469d412c77f83	c429cf823d78a930f90256d53c3ebf1305c8008d5bc0c030aff469d412c77f83	
UploadFiles/xwzx/2022/10/202210081032272340.png	UploadFiles/xwzx/2022/10/202210081032272340.png	136172	a1ee375866e7e44675d089d981119afa7c688f93c20f44bb7d46be292d286c83	a1ee375866e7e44675d089d981119afa7c688f93c20f44bb7d46be292d286c83	
UploadFiles/xwzx/2022/10/202210081032275239.png	UploadFiles/xwzx/2022/10/202210081032275239.png	119935	e3fb630308d2e5fe380222c261586d978e3edeee48637fc5abcb0893bbf97813	e3fb630308d2e5fe380222c261586d978e3edeee48637fc5abcb0893bbf97813	
UploadFiles/xwzx/2022/10/202210081032276069.png	UploadFiles/xwzx/2022/10/202210081032276069.png	133250	9ce32da519709db56cb1758896fed013010a52ae4c0594c46b5bf61ede026de1	9ce32da519709db56cb1758896fed013010a52ae4c0594c46b5bf61ede026de1	
UploadFiles/xwzx/2022/10/202210081032278842.png	UploadFiles/xwzx/2022/10/202210081032278842.png	137318	cffb0e8bcf77eb4afbbc6374874553e3bf0c3ee49d9194f9fe3a16a99e4aca35	cffb0e8bcf77eb4afbbc6374874553e3bf0c3ee49d9194f9fe3a16a99e4aca35	
UploadFiles/xwzx/2022/10/202210081032280339.png	UploadFiles/xwzx/2022/10/202210081032280339.png	428117	999a0498f337da2ff9f454df478c1a804173041c1468fe12894d28f1687d51e4	999a0498f337da2ff9f454df478c1a804173041c1468fe12894d28f1687d51e4	
UploadFiles/xwzx/2022/10/202210081032282314.png	UploadFiles/xwzx/2022/10/202210081032282314.png	453691	c9bbf73c844a0960277145cd570ec1e89aa1532a583d4205971c48e18ed31924	c9bbf73c844a0960277145cd570ec1e89aa1532a583d4205971c48e18ed31924	
UploadFiles/xwzx/2022/10/202210081032283468.png	UploadFiles/xwzx/2022/10/202210081032283468.png	151120	4419488017290654d4f1d47c165bb7c613af8b59bfd0baec79d0705060cef275	4419488017290654d4f1d47c165bb7c613af8b59bfd0baec79d0705060cef275	
UploadFiles/xwzx/2022/10/202210081034175936.jpg	UploadFiles/xwzx/2022/10/202210081034175936.jpg	216644	4c54d84bbdef2b511bf3ce9b8f24f2e225f8258b3c44bcca56e0b3aae02b72f1	4c54d84bbdef2b511bf3ce9b8f24f2e225f8258b3c44bcca56e0b3aae02b72f1	
UploadFiles/xwzx/2022/10/202210081034199929.jpg	UploadFiles/xwzx/2022/10/202210081034199929.jpg	538649	e35435905518fdd2b649a45d3a8f4883e35fd3fda2e642fee6361503f161faea	e35435905518fdd2b649a45d3a8f4883e35fd3fda2e642fee6361503f161faea	
UploadFiles/xwzx/2022/10/202210081034209077.jpg	UploadFiles/xwzx/2022/10/202210081034209077.jpg	229139	b989fb0ea029cdaa407e92e870645d1d2dcd715b41b91c6157795c9f9494d98d	b989fb0ea029cdaa407e92e870645d1d2dcd715b41b91c6157795c9f9494d98d	
UploadFiles/xwzx/2022/10/202210081034220375.jpg	UploadFiles/xwzx/2022/10/202210081034220375.jpg	273799	7c8b8b6756f40622a1e60e590e48fd1399627b52e91788a41dcd8e8fbefa77ae	7c8b8b6756f40622a1e60e590e48fd1399627b52e91788a41dcd8e8fbefa77ae	
UploadFiles/xwzx/2022/10/202210081034220744.JPG	UploadFiles/xwzx/2022/10/202210081034220744.jpg	4773914	b827e57a9a77355eb70c673ab2a3c75e81b13347bb70166577f10439001fb13a	b827e57a9a77355eb70c673ab2a3c75e81b13347bb70166577f10439001fb13a	
UploadFiles/xwzx/2022/10/202210081034225407.jpg	UploadFiles/xwzx/2022/10/202210081034225407.jpg	223160	ca6a5bbf70a92203abc93d37c96b279b61e577b4e181967f37e92656d2abb6f5	ca6a5bbf70a92203abc93d37c96b279b61e577b4e181967f37e92656d2abb6f5	
UploadFiles/xwzx/2022/10/202210081034230402.jpg	UploadFiles/xwzx/2022/10/202210081034230402.jpg	307523	b17555dce82dfc7ffda638fb9efe7ec68b6d77d69ac645b978e2fd59d75772b7	b17555dce82dfc7ffda638fb9efe7ec68b6d77d69ac645b978e2fd59d75772b7	
UploadFiles/xwzx/2022/10/202210081034233106.jpg	UploadFiles/xwzx/2022/10/202210081034233106.jpg	307523	b17555dce82dfc7ffda638fb9efe7ec68b6d77d69ac645b978e2fd59d75772b7	b17555dce82dfc7ffda638fb9efe7ec68b6d77d69ac645b978e2fd59d75772b7	
UploadFiles/xwzx/2022/10/202210081034236693.jpg	UploadFiles/xwzx/2022/10/202210081034236693.jpg	246947	0fc6399cacd4a99f9952cf634e84f4ef75b24f13f413010c717350c22f260959	0fc6399cacd4a99f9952cf634e84f4ef75b24f13f413010c717350c22f260959	
UploadFiles/xwzx/2022/10/202210081034236731.jpg	UploadFiles/xwzx/2022/10/202210081034236731.jpg	280266	a499d07eebbd25244735da2c2818c08b82c435607e530be4d11b7ebf1925e2ce	a499d07eebbd25244735da2c2818c08b82c435607e530be4d11b7ebf1925e2ce	
UploadFiles/xwzx/2022/10/202210081034237507.jpg	UploadFiles/xwzx/2022/10/202210081034237507.jpg	287496	76414a6ebf9360d1c449d649499d09ea93b22fb44ac899d8516ed9134b3de8cd	76414a6ebf9360d1c449d649499d09ea93b22fb44ac899d8516ed9134b3de8cd	
UploadFiles/xwzx/2022/10/202210081034245346.jpg	UploadFiles/xwzx/2022/10/202210081034245346.jpg	224423	9c2e1bb983afb78124a47fda155362abfcdd3a85e1d24d3c82dfe611e5835e92	9c2e1bb983afb78124a47fda155362abfcdd3a85e1d24d3c82dfe611e5835e92	
UploadFiles/xwzx/2022/10/202210081034259277.jpg	UploadFiles/xwzx/2022/10/202210081034259277.jpg	285761	0ee1da4bcadef34af58db16d64575f7b54a4be9d41deb0856e846a55ed10b61a	0ee1da4bcadef34af58db16d64575f7b54a4be9d41deb0856e846a55ed10b61a	
UploadFiles/xwzx/2022/10/202210081034285840.JPG	UploadFiles/xwzx/2022/10/202210081034285840.jpg	7058306	3ee38f6f5b5be69d45028e11788399d71b1abad6a01e2b1d2b0d36d8a4fee986	3ee38f6f5b5be69d45028e11788399d71b1abad6a01e2b1d2b0d36d8a4fee986	
UploadFiles/xwzx/2022/10/202210081034339684.JPG	UploadFiles/xwzx/2022/10/202210081034339684.jpg	7498943	6a96769f13380de51c532e72fe7408f2125ad172008b5f055216d736fc7f4d21	6a96769f13380de51c532e72fe7408f2125ad172008b5f055216d736fc7f4d21	
UploadFiles/xwzx/2022/10/202210081034438523.JPG	UploadFiles/xwzx/2022/10/202210081034438523.jpg	13450123	317e99be9d327a9b149829017ab0c43cf218a50172495b5a0d6cd3993d566320	317e99be9d327a9b149829017ab0c43cf218a50172495b5a0d6cd3993d566320	
UploadFiles/xwzx/2022/10/202210081034460413.JPG	UploadFiles/xwzx/2022/10/202210081034460413.jpg	6656333	49269f75f76aa11d6af07897c9c808fb9507f641fec6746a4fe8c281f1f8e6f5	49269f75f76aa11d6af07897c9c808fb9507f641fec6746a4fe8c281f1f8e6f5	
UploadFiles/xwzx/2022/10/202210081034483318.jpg	UploadFiles/xwzx/2022/10/202210081034483318.jpg	8890028	b7288aeb693f5f51eed4d80206ba87d6e7d679f2c7cbe6003ff8356d0e05aa02	b7288aeb693f5f51eed4d80206ba87d6e7d679f2c7cbe6003ff8356d0e05aa02	
UploadFiles/xwzx/2022/10/202210081117303050.png	UploadFiles/xwzx/2022/10/202210081117303050.png	147141	513d15fb97642e7e3c6b150782f4c25fa616fec60b595a606446db5dc23eb9de	513d15fb97642e7e3c6b150782f4c25fa616fec60b595a606446db5dc23eb9de	
UploadFiles/xwzx/2022/10/202210101622284942.png	UploadFiles/xwzx/2022/10/202210101622284942.png	146618	5162732e4c3d93f6399885af0f73371e55f42bb45856ab1ae2882e9c1c0ba9b1	5162732e4c3d93f6399885af0f73371e55f42bb45856ab1ae2882e9c1c0ba9b1	
UploadFiles/xwzx/2022/10/202210110756311294.jpg	UploadFiles/xwzx/2022/10/202210110756311294.jpg	351380	0be06db95e835fb52bf22d809e8e3e3fc70b9fe8c87a632297bfe2f8bc652f6f	0be06db95e835fb52bf22d809e8e3e3fc70b9fe8c87a632297bfe2f8bc652f6f	
UploadFiles/xwzx/2022/10/202210110756317401.jpg	UploadFiles/xwzx/2022/10/202210110756317401.jpg	256822	523f6c5d63e30360135db394d7a19dcf36228c9a20c80cca46fcc6aff7409099	523f6c5d63e30360135db394d7a19dcf36228c9a20c80cca46fcc6aff7409099	
UploadFiles/xwzx/2022/10/202210110756320523.jpg	UploadFiles/xwzx/2022/10/202210110756320523.jpg	382080	85219608ade32e7d1dfb5679f09fff99728965d930c152349a072a5023976234	85219608ade32e7d1dfb5679f09fff99728965d930c152349a072a5023976234	
UploadFiles/xwzx/2022/10/202210110757330156.jpg	UploadFiles/xwzx/2022/10/202210110757330156.jpg	82314	402d667972ad72b7dc2b83a1ee82e65537b22b9869eadc732a981a7ad43f7d3d	402d667972ad72b7dc2b83a1ee82e65537b22b9869eadc732a981a7ad43f7d3d	
UploadFiles/xwzx/2022/10/202210110757343431.JPG	UploadFiles/xwzx/2022/10/202210110757343431.jpg	124683	8bbcda1669efffdbdab4920464e81f9a33af75128bf56a92adb8e2f982f31643	8bbcda1669efffdbdab4920464e81f9a33af75128bf56a92adb8e2f982f31643	
UploadFiles/xwzx/2022/10/202210110757343874.jpg	UploadFiles/xwzx/2022/10/202210110757343874.jpg	74736	dba49515518856debbcb2441ace49937932bafce4a54929248f15e0d10740ef0	dba49515518856debbcb2441ace49937932bafce4a54929248f15e0d10740ef0	
UploadFiles/xwzx/2022/10/202210110757345475.JPG	UploadFiles/xwzx/2022/10/202210110757345475.jpg	95652	f1a1771de9e3f1ab03b3702a0731478f566dedd543ed628a4615458a79661afd	f1a1771de9e3f1ab03b3702a0731478f566dedd543ed628a4615458a79661afd	
UploadFiles/xwzx/2022/10/202210110757346398.JPG	UploadFiles/xwzx/2022/10/202210110757346398.jpg	61527	7c17b86c17ce1a3652ec22799ed273298232257a4f8ce24da1047ac9b7a36728	7c17b86c17ce1a3652ec22799ed273298232257a4f8ce24da1047ac9b7a36728	
UploadFiles/xwzx/2022/10/202210110757347828.JPG	UploadFiles/xwzx/2022/10/202210110757347828.jpg	71962	b3d49e2131599ce5a8eb3aa5e95d856e42dac3469003a0038bb42da10ed8d73b	b3d49e2131599ce5a8eb3aa5e95d856e42dac3469003a0038bb42da10ed8d73b	
UploadFiles/xwzx/2022/10/202210110757348139.JPG	UploadFiles/xwzx/2022/10/202210110757348139.jpg	56720	db574e241378e791d592704cdb3f0a9d72d737d1bff7ed4c430756b21e3775a8	db574e241378e791d592704cdb3f0a9d72d737d1bff7ed4c430756b21e3775a8	
UploadFiles/xwzx/2022/10/202210110757348168.JPG	UploadFiles/xwzx/2022/10/202210110757348168.jpg	48946	8f39e3455b9673558e19a50e4e757620f1e980484c4e0cdf686711b0281273c2	8f39e3455b9673558e19a50e4e757620f1e980484c4e0cdf686711b0281273c2	
UploadFiles/xwzx/2022/10/202210110757348260.JPG	UploadFiles/xwzx/2022/10/202210110757348260.jpg	115716	ede06ef47fb13a679c44d7cc40240e388aede19e476cef792987d020763424fb	ede06ef47fb13a679c44d7cc40240e388aede19e476cef792987d020763424fb	
UploadFiles/xwzx/2022/10/202210110757349876.jpg	UploadFiles/xwzx/2022/10/202210110757349876.jpg	52366	7c0e6114737b2e65a21ae068dc641c51e01fb4689078eb3198b385f3597af2fa	7c0e6114737b2e65a21ae068dc641c51e01fb4689078eb3198b385f3597af2fa	
UploadFiles/xwzx/2022/10/202210110757353012.JPG	UploadFiles/xwzx/2022/10/202210110757353012.jpg	80054	36e0ecfe877c51ea85bde1e90361377f1014bd58c58b58088a55052fbe1a6a45	36e0ecfe877c51ea85bde1e90361377f1014bd58c58b58088a55052fbe1a6a45	
UploadFiles/xwzx/2022/10/202210110757358898.JPG	UploadFiles/xwzx/2022/10/202210110757358898.jpg	146457	db351e64d96ea7f3060367423c25db28446d180c041a6f031b608849d4f46838	db351e64d96ea7f3060367423c25db28446d180c041a6f031b608849d4f46838	
UploadFiles/xwzx/2022/10/202210110757381865.png	UploadFiles/xwzx/2022/10/202210110757381865.png	5927923	c9b2b3a26f5f7f6a774728079b99ec21d85d4906b5ea80d4dd915d8afaafdb00	c9b2b3a26f5f7f6a774728079b99ec21d85d4906b5ea80d4dd915d8afaafdb00	
UploadFiles/xwzx/2022/10/202210110757461567.JPG	UploadFiles/xwzx/2022/10/202210110757461567.jpg	51314	15d1183b3f257e01442de1c2ceb906671ecb78cc20bc4f52209711413bb70938	15d1183b3f257e01442de1c2ceb906671ecb78cc20bc4f52209711413bb70938	
UploadFiles/xwzx/2022/10/202210110757462516.JPG	UploadFiles/xwzx/2022/10/202210110757462516.jpg	55832	1c0e6b930d95eb41f6705f4308869d93ec71323bb90964725a6e47d2bb089763	1c0e6b930d95eb41f6705f4308869d93ec71323bb90964725a6e47d2bb089763	
UploadFiles/xwzx/2022/10/202210110757464658.JPG	UploadFiles/xwzx/2022/10/202210110757464658.jpg	55286	c6e105e4cde443e252a2a2abcb2a9f8cec9cc54297f14685e4a131411db5a5ff	c6e105e4cde443e252a2a2abcb2a9f8cec9cc54297f14685e4a131411db5a5ff	
UploadFiles/xwzx/2022/10/202210110757466514.JPG	UploadFiles/xwzx/2022/10/202210110757466514.jpg	58952	3e82ab3de6b484838a6004d2b2e2b769aee72ff4e0aa614d6ba4028fe88ee7ee	3e82ab3de6b484838a6004d2b2e2b769aee72ff4e0aa614d6ba4028fe88ee7ee	
UploadFiles/xwzx/2022/10/202210110757467079.JPG	UploadFiles/xwzx/2022/10/202210110757467079.jpg	61055	1facb7f538925e01935a05f8d1eb4b87d01e5e2e784b6c36b72cabcf22d0d631	1facb7f538925e01935a05f8d1eb4b87d01e5e2e784b6c36b72cabcf22d0d631	
UploadFiles/xwzx/2022/10/202210110757467649.JPG	UploadFiles/xwzx/2022/10/202210110757467649.jpg	52456	4229c9ae0d834c3d9ae5d72a66caef29dc15d4c19ba7eafbb8b83e259dde5137	4229c9ae0d834c3d9ae5d72a66caef29dc15d4c19ba7eafbb8b83e259dde5137	
UploadFiles/xwzx/2022/10/202210110757468575.JPG	UploadFiles/xwzx/2022/10/202210110757468575.jpg	53668	93f4a22e5d797f199e989f1ac6a81756c75f14c07e9e6d6d191f64d9218f177b	93f4a22e5d797f199e989f1ac6a81756c75f14c07e9e6d6d191f64d9218f177b	
UploadFiles/xwzx/2022/10/202210110757471484.JPG	UploadFiles/xwzx/2022/10/202210110757471484.jpg	55429	2813e5ad475b1a3138d15e4cf9921098961ca14226ba29930bc6d9b5560d5cc2	2813e5ad475b1a3138d15e4cf9921098961ca14226ba29930bc6d9b5560d5cc2	
UploadFiles/xwzx/2022/10/202210110759441160.jpg	UploadFiles/xwzx/2022/10/202210110759441160.jpg	335062	eb89b3f07a27980bfc3e03172f13c469cbc7a22356722b8a727d96a6e62ae7d1	eb89b3f07a27980bfc3e03172f13c469cbc7a22356722b8a727d96a6e62ae7d1	
UploadFiles/xwzx/2022/10/202210110759450121.jpg	UploadFiles/xwzx/2022/10/202210110759450121.jpg	332604	0419f9b080b4d35c3738093f0bb561d875fdb70fe0e1aef54b4ec62e2593c227	0419f9b080b4d35c3738093f0bb561d875fdb70fe0e1aef54b4ec62e2593c227	
UploadFiles/xwzx/2022/10/202210110759453118.jpg	UploadFiles/xwzx/2022/10/202210110759453118.jpg	279464	cbe00df0d41e29d511b909d1f673caf8a3b2a9589ed4e5d306735cd79ac44b7c	cbe00df0d41e29d511b909d1f673caf8a3b2a9589ed4e5d306735cd79ac44b7c	
UploadFiles/xwzx/2022/10/202210110759454294.jpg	UploadFiles/xwzx/2022/10/202210110759454294.jpg	318022	aeee3e06ebab1982df2da3e8546704d058100aaaddf72d195a8eb3de4a0b6834	aeee3e06ebab1982df2da3e8546704d058100aaaddf72d195a8eb3de4a0b6834	
UploadFiles/xwzx/2022/10/202210110759456086.jpg	UploadFiles/xwzx/2022/10/202210110759456086.jpg	300869	85a496263bb639f2170b967e6e72f424fdadaa5ac11627bff6a2ad0ce61ed1e4	85a496263bb639f2170b967e6e72f424fdadaa5ac11627bff6a2ad0ce61ed1e4	
UploadFiles/xwzx/2022/10/202210110759459473.jpg	UploadFiles/xwzx/2022/10/202210110759459473.jpg	357566	8dbf31b92d02a089f55a6c9a8212eeeeb05ef8df0aa23e78cdea31c9a68726a8	8dbf31b92d02a089f55a6c9a8212eeeeb05ef8df0aa23e78cdea31c9a68726a8	
UploadFiles/xwzx/2022/10/202210110759459606.jpg	UploadFiles/xwzx/2022/10/202210110759459606.jpg	336952	1842cc88049bb56aa36b44f170a3595aebd9982a1616ee76dd43844b5bf46f9a	1842cc88049bb56aa36b44f170a3595aebd9982a1616ee76dd43844b5bf46f9a	
UploadFiles/xwzx/2022/10/202210110759465755.jpg	UploadFiles/xwzx/2022/10/202210110759465755.jpg	403994	a3a975191fb3866557506c2725f80405c71958bee7b89fb2867981fed75b56ab	a3a975191fb3866557506c2725f80405c71958bee7b89fb2867981fed75b56ab	
UploadFiles/xwzx/2022/10/202210110759468065.jpg	UploadFiles/xwzx/2022/10/202210110759468065.jpg	362970	100cbb491fd0581607d8da7a8fbf726182d3059596525939c962e24f3ceb0ab5	100cbb491fd0581607d8da7a8fbf726182d3059596525939c962e24f3ceb0ab5	
UploadFiles/xwzx/2022/10/202210110759468100.jpg	UploadFiles/xwzx/2022/10/202210110759468100.jpg	290890	50f4ab404c9eb7165179eecd83da6f6542299fc3d358ee74521c9dcbca685828	50f4ab404c9eb7165179eecd83da6f6542299fc3d358ee74521c9dcbca685828	
UploadFiles/xwzx/2022/10/202210110759468660.jpg	UploadFiles/xwzx/2022/10/202210110759468660.jpg	398760	259958318bfe9927fbf06689e54b7d93551631ede95717d5bf3f92a3cf84093c	259958318bfe9927fbf06689e54b7d93551631ede95717d5bf3f92a3cf84093c	
UploadFiles/xwzx/2022/10/202210110759469030.jpg	UploadFiles/xwzx/2022/10/202210110759469030.jpg	340787	1e499a65f30fcbcf1fe0b871e1b89d5d26e743a3134d36bc194e5f69e17a068c	1e499a65f30fcbcf1fe0b871e1b89d5d26e743a3134d36bc194e5f69e17a068c	
UploadFiles/xwzx/2022/10/202210110759473009.jpg	UploadFiles/xwzx/2022/10/202210110759473009.jpg	308317	018501e7c70dbafc04f68b77e2853310c34be1b5db8a0043d3e9c335cc102f2b	018501e7c70dbafc04f68b77e2853310c34be1b5db8a0043d3e9c335cc102f2b	
UploadFiles/xwzx/2022/10/202210110759473271.jpg	UploadFiles/xwzx/2022/10/202210110759473271.jpg	320282	c4636d65b9bee35784f949ccebb0b03d2a1430414c464d9399c7f21a4040d991	c4636d65b9bee35784f949ccebb0b03d2a1430414c464d9399c7f21a4040d991	
UploadFiles/xwzx/2022/10/202210110759473885.jpg	UploadFiles/xwzx/2022/10/202210110759473885.jpg	372123	874c43a3ef4f2004a2bcf0f0c8cd6ae1fac891bc5508ef0014bdc907f616c6b0	874c43a3ef4f2004a2bcf0f0c8cd6ae1fac891bc5508ef0014bdc907f616c6b0	
UploadFiles/xwzx/2022/10/202210110759484640.jpg	UploadFiles/xwzx/2022/10/202210110759484640.jpg	310950	c8d4a52040bf85c8ba1f09d78d53060eea80fa9444a7878fcf9ef043e9535a18	c8d4a52040bf85c8ba1f09d78d53060eea80fa9444a7878fcf9ef043e9535a18	
UploadFiles/xwzx/2022/10/202210110759487133.jpg	UploadFiles/xwzx/2022/10/202210110759487133.jpg	282582	e5590d900f986b692636001bf03742a9ef28d751bf9ce116ccc7654908ccb7f6	e5590d900f986b692636001bf03742a9ef28d751bf9ce116ccc7654908ccb7f6	
UploadFiles/xwzx/2022/10/202210110759524608.jpg	UploadFiles/xwzx/2022/10/202210110759524608.jpg	350529	29bfa7d445f7fed6cd4ca8a21e28fec6ae449f4b2f401e9e2b5b51b8dd3bc16e	29bfa7d445f7fed6cd4ca8a21e28fec6ae449f4b2f401e9e2b5b51b8dd3bc16e	
UploadFiles/xwzx/2022/10/202210110759555009.jpg	UploadFiles/xwzx/2022/10/202210110759555009.jpg	362575	81e1217386e7ee26fdb815f670f6fd78689dfcf52437adcf8c543390b9981ddc	81e1217386e7ee26fdb815f670f6fd78689dfcf52437adcf8c543390b9981ddc	
UploadFiles/xwzx/2022/10/202210110759575273.jpg	UploadFiles/xwzx/2022/10/202210110759575273.jpg	324815	93e08cd25f234380c996612d77b71ce6b8f8c5a508b099851d4055a91bec2912	93e08cd25f234380c996612d77b71ce6b8f8c5a508b099851d4055a91bec2912	
UploadFiles/xwzx/2022/10/202210110759592865.jpg	UploadFiles/xwzx/2022/10/202210110759592865.jpg	14322735	9466a992dae1edfa61805705e22f84148ae6e605bf94041769203d7a07b7dadf	9466a992dae1edfa61805705e22f84148ae6e605bf94041769203d7a07b7dadf	
UploadFiles/xwzx/2022/10/202210110759598791.jpg	UploadFiles/xwzx/2022/10/202210110759598791.jpg	304575	8cf1512fda359171d6bab4a1d078619db364c71a1881f3b87c4ae16c1136eefd	8cf1512fda359171d6bab4a1d078619db364c71a1881f3b87c4ae16c1136eefd	
UploadFiles/xwzx/2022/10/202210110800000059.jpg	UploadFiles/xwzx/2022/10/202210110800000059.jpg	310528	5ba325c71599ea9dbfca8f52ab97fac1757aaac017e14ef30a25ac737f75c955	5ba325c71599ea9dbfca8f52ab97fac1757aaac017e14ef30a25ac737f75c955	
UploadFiles/xwzx/2022/10/202210110800002257.jpg	UploadFiles/xwzx/2022/10/202210110800002257.jpg	340337	fffc31c434e8199535ba4f2afcf010e5b60b206d4dc0c3610a3f1149c0526317	fffc31c434e8199535ba4f2afcf010e5b60b206d4dc0c3610a3f1149c0526317	
UploadFiles/xwzx/2022/10/202210110800002427.jpg	UploadFiles/xwzx/2022/10/202210110800002427.jpg	335150	96f8df620bf6ebda8fc10fa57939a3ddf73e0c919db57e52c419a5990f415016	96f8df620bf6ebda8fc10fa57939a3ddf73e0c919db57e52c419a5990f415016	
UploadFiles/xwzx/2022/10/202210110800002477.jpg	UploadFiles/xwzx/2022/10/202210110800002477.jpg	358502	4077243b13a642ee37fabcf8819b3dfb6eec3ba49a4497b5c6223e302cefc9ee	4077243b13a642ee37fabcf8819b3dfb6eec3ba49a4497b5c6223e302cefc9ee	
UploadFiles/xwzx/2022/10/202210110800007993.jpg	UploadFiles/xwzx/2022/10/202210110800007993.jpg	335140	6393deb537e66af9a351ffba8ca134f6fc114e0763498a1935ee84d8c03db0e8	6393deb537e66af9a351ffba8ca134f6fc114e0763498a1935ee84d8c03db0e8	
UploadFiles/xwzx/2022/10/202210110800011860.jpg	UploadFiles/xwzx/2022/10/202210110800011860.jpg	308131	8564f1280a2ecd5175fe4db5344c55b0d12702d11315ef7a8b4fb70571334816	8564f1280a2ecd5175fe4db5344c55b0d12702d11315ef7a8b4fb70571334816	
UploadFiles/xwzx/2022/10/202210110800012717.jpg	UploadFiles/xwzx/2022/10/202210110800012717.jpg	315987	a311b38ef5021f2ab6276f2342d4a89db894c0186801075a30178e49863e2b77	a311b38ef5021f2ab6276f2342d4a89db894c0186801075a30178e49863e2b77	
UploadFiles/xwzx/2022/10/202210110800016389.jpg	UploadFiles/xwzx/2022/10/202210110800016389.jpg	322892	4f20a6949d95ee10bd8e2c8c6518632d6d2418db4ad26e8dc7ac6094791675b2	4f20a6949d95ee10bd8e2c8c6518632d6d2418db4ad26e8dc7ac6094791675b2	
UploadFiles/xwzx/2022/10/202210110800021132.jpg	UploadFiles/xwzx/2022/10/202210110800021132.jpg	225898	279b9f4d2d03dbd6efab7563614040580186ebdd399eaeafcf811e0c4686f4e7	279b9f4d2d03dbd6efab7563614040580186ebdd399eaeafcf811e0c4686f4e7	
UploadFiles/xwzx/2022/10/202210110800023284.jpg	UploadFiles/xwzx/2022/10/202210110800023284.jpg	226919	a73a822114d49c96f3001f8ff7759a4613816eadbe607abdadf414aedcaf22fb	a73a822114d49c96f3001f8ff7759a4613816eadbe607abdadf414aedcaf22fb	
UploadFiles/xwzx/2022/10/202210110800024060.jpg	UploadFiles/xwzx/2022/10/202210110800024060.jpg	233332	f47567a5689a52ddeb765351258b9baa453acdd4097e06cc9d04e7cbaf854709	f47567a5689a52ddeb765351258b9baa453acdd4097e06cc9d04e7cbaf854709	
UploadFiles/xwzx/2022/10/202210110800024700.jpg	UploadFiles/xwzx/2022/10/202210110800024700.jpg	211523	7780e7fb2e42883466ce78e0f298871eb73096df4c8777d0c7526914cfcab50d	7780e7fb2e42883466ce78e0f298871eb73096df4c8777d0c7526914cfcab50d	
UploadFiles/xwzx/2022/10/202210110800024905.jpg	UploadFiles/xwzx/2022/10/202210110800024905.jpg	308131	8564f1280a2ecd5175fe4db5344c55b0d12702d11315ef7a8b4fb70571334816	8564f1280a2ecd5175fe4db5344c55b0d12702d11315ef7a8b4fb70571334816	
UploadFiles/xwzx/2022/10/202210110800028244.jpg	UploadFiles/xwzx/2022/10/202210110800028244.jpg	238432	a8869df95fd95c3c6524b417487ea7cd7576264447959f9682afd5a0c062e23b	a8869df95fd95c3c6524b417487ea7cd7576264447959f9682afd5a0c062e23b	
UploadFiles/xwzx/2022/10/202210110800031590.jpg	UploadFiles/xwzx/2022/10/202210110800031590.jpg	228575	d8404af4e68bf45ea4a88e6d3b0d60ff6dce70756ef0a291183e955b304e5933	d8404af4e68bf45ea4a88e6d3b0d60ff6dce70756ef0a291183e955b304e5933	
UploadFiles/xwzx/2022/10/202210110800032535.jpg	UploadFiles/xwzx/2022/10/202210110800032535.jpg	291850	464b319ebd9a6214e09b3c0aa2be1c8a0b294c0b9109dcf3645b43c6fe251c78	464b319ebd9a6214e09b3c0aa2be1c8a0b294c0b9109dcf3645b43c6fe251c78	
UploadFiles/xwzx/2022/10/202210110800036835.jpg	UploadFiles/xwzx/2022/10/202210110800036835.jpg	332669	421486769ea7f9d024ee1acaba5c928b3b0744caba35f039513bd801d235b8d1	421486769ea7f9d024ee1acaba5c928b3b0744caba35f039513bd801d235b8d1	
UploadFiles/xwzx/2022/10/202210110800038142.jpg	UploadFiles/xwzx/2022/10/202210110800038142.jpg	209071	d1f34f98848dc0d630c4ef135a69a2913eec6851acfc8c428d79fd22b7c264b9	d1f34f98848dc0d630c4ef135a69a2913eec6851acfc8c428d79fd22b7c264b9	
UploadFiles/xwzx/2022/10/202210110800039838.jpg	UploadFiles/xwzx/2022/10/202210110800039838.jpg	296970	8af5930319361dd4bf3dc9c6384773bece3b2382a84b0611861a5e9f6adeb31c	8af5930319361dd4bf3dc9c6384773bece3b2382a84b0611861a5e9f6adeb31c	
UploadFiles/xwzx/2022/10/202210110800040501.jpg	UploadFiles/xwzx/2022/10/202210110800040501.jpg	197938	07c514378f4437c532a21bc1eedf1eb83a1731ff3c8ef02baa82a24c453ac4e0	07c514378f4437c532a21bc1eedf1eb83a1731ff3c8ef02baa82a24c453ac4e0	
UploadFiles/xwzx/2022/10/202210110800041652.jpg	UploadFiles/xwzx/2022/10/202210110800041652.jpg	234950	b19bca92ea0310a839daaf6e5476097a46b9026229241c3627ef0323d71ff4f5	b19bca92ea0310a839daaf6e5476097a46b9026229241c3627ef0323d71ff4f5	
UploadFiles/xwzx/2022/10/202210110800043611.jpg	UploadFiles/xwzx/2022/10/202210110800043611.jpg	251791	1b153349164ffc397af069fabe924a9db43d7888a7aaecc154d6f9584f535c19	1b153349164ffc397af069fabe924a9db43d7888a7aaecc154d6f9584f535c19	
UploadFiles/xwzx/2022/10/202210110800046435.jpg	UploadFiles/xwzx/2022/10/202210110800046435.jpg	178957	aa2a7e68bddcd1b7d014ab72e7ade49b7e94d7240fa49bae065c49cba98e3aa6	aa2a7e68bddcd1b7d014ab72e7ade49b7e94d7240fa49bae065c49cba98e3aa6	
UploadFiles/xwzx/2022/10/202210110800047556.jpg	UploadFiles/xwzx/2022/10/202210110800047556.jpg	190095	0830bb1fde9b332c00eb19940c870314e19f49dce2fba3de6a989feb4691a747	0830bb1fde9b332c00eb19940c870314e19f49dce2fba3de6a989feb4691a747	
UploadFiles/xwzx/2022/10/202210110800047564.jpg	UploadFiles/xwzx/2022/10/202210110800047564.jpg	189022	96ab523ffd294565449bedc93366fa0fecfcd4f341b23d23c67b9e13c3d84845	96ab523ffd294565449bedc93366fa0fecfcd4f341b23d23c67b9e13c3d84845	
UploadFiles/xwzx/2022/10/202210110800047736.jpg	UploadFiles/xwzx/2022/10/202210110800047736.jpg	218315	f17a930580b3a8bab2658ec475466ef193c5f2ac41a7a3422d7a2794dec07279	f17a930580b3a8bab2658ec475466ef193c5f2ac41a7a3422d7a2794dec07279	
UploadFiles/xwzx/2022/10/202210121029148696.png	UploadFiles/xwzx/2022/10/202210121029148696.png	16833	cff905ad83ddac832628c0ae8407020f18d5edd8c08a948d680f0b8b6a0dfcc6	cff905ad83ddac832628c0ae8407020f18d5edd8c08a948d680f0b8b6a0dfcc6	
UploadFiles/xwzx/2022/10/202210121520543894.png	UploadFiles/xwzx/2022/10/202210121520543894.png	146947	a024466d3dce626e08dcfa16f766a1ab6d9a52b77389a5a8c71d4317e24feabc	a024466d3dce626e08dcfa16f766a1ab6d9a52b77389a5a8c71d4317e24feabc	
UploadFiles/xwzx/2022/10/202210131612372036.png	UploadFiles/xwzx/2022/10/202210131612372036.png	70570	fced89b892028bb828dfd0258fa83cc093d898345d4304aea8eb3cd95a7b5fc8	fced89b892028bb828dfd0258fa83cc093d898345d4304aea8eb3cd95a7b5fc8	
UploadFiles/xwzx/2022/10/202210131612512141.png	UploadFiles/xwzx/2022/10/202210131612512141.png	106910	fbf78817faf4f25865bf2d89252591be284f8aedde2ef0dbdb7972b502394786	fbf78817faf4f25865bf2d89252591be284f8aedde2ef0dbdb7972b502394786	
UploadFiles/xwzx/2022/10/202210131613040221.png	UploadFiles/xwzx/2022/10/202210131613040221.png	145319	2d7c568d44f9f94207ede0a8363d668f36bd1472ddff7a0baa5b1308708fe9f3	2d7c568d44f9f94207ede0a8363d668f36bd1472ddff7a0baa5b1308708fe9f3	
UploadFiles/xwzx/2022/10/202210131649553845.png	UploadFiles/xwzx/2022/10/202210131649553845.png	146945	2c90cb7f91bba76005a120f05740955de4f366e7c8ce2f3f806814fcab79d9dd	2c90cb7f91bba76005a120f05740955de4f366e7c8ce2f3f806814fcab79d9dd	
UploadFiles/xwzx/2022/10/202210141213152706.png	UploadFiles/xwzx/2022/10/202210141213152706.png	60098	ee7f674169ec16fd80b9f82d22d7112052801f9172b95c149f82d4e5fca16988	ee7f674169ec16fd80b9f82d22d7112052801f9172b95c149f82d4e5fca16988	
UploadFiles/xwzx/2022/10/202210141528080092.jpg	UploadFiles/xwzx/2022/10/202210141528080092.jpg	185056	90daaa8f87e74955964ea1d60e1409294b503420d5f15912f2564c918d95e996	90daaa8f87e74955964ea1d60e1409294b503420d5f15912f2564c918d95e996	
UploadFiles/xwzx/2022/10/202210141528447034.jpg	UploadFiles/xwzx/2022/10/202210141528447034.jpg	172888	33de836543041e6ec71425942640421144b19d1b4ab51b9438b7c54a704cc3a0	33de836543041e6ec71425942640421144b19d1b4ab51b9438b7c54a704cc3a0	
UploadFiles/xwzx/2022/10/202210141645170776.png	UploadFiles/xwzx/2022/10/202210141645170776.png	145986	535363cd2451ccefaa248516d1fe5bc8a51bc8cc05e77c00ddb35a3e43b3a0ba	535363cd2451ccefaa248516d1fe5bc8a51bc8cc05e77c00ddb35a3e43b3a0ba	
UploadFiles/xwzx/2022/10/202210170030399832.png	UploadFiles/xwzx/2022/10/202210170030399832.png	146649	0b8e14b8644e11ca8393702dd121c9a9700139b215df9e2211d5d17ff8534875	0b8e14b8644e11ca8393702dd121c9a9700139b215df9e2211d5d17ff8534875	
UploadFiles/xwzx/2022/10/202210171103049312.jpg	UploadFiles/xwzx/2022/10/202210171103049312.jpg	2262826	fde05c66b0416892e175feb597b5374de59637f3aeb7844b3f8c91f7b415665a	fde05c66b0416892e175feb597b5374de59637f3aeb7844b3f8c91f7b415665a	
UploadFiles/xwzx/2022/10/202210171103073911.jpg	UploadFiles/xwzx/2022/10/202210171103073911.jpg	4308062	54b8f18bec8b85411e9fd5f098d7bf27c405899886a6ff38597a33c67e3a70b7	54b8f18bec8b85411e9fd5f098d7bf27c405899886a6ff38597a33c67e3a70b7	
UploadFiles/xwzx/2022/10/202210171103080150.jpg	UploadFiles/xwzx/2022/10/202210171103080150.jpg	584419	98bd20e4183a6bea1ea91121194559ff9300be964565ecd20924b4548a1e6f22	98bd20e4183a6bea1ea91121194559ff9300be964565ecd20924b4548a1e6f22	
UploadFiles/xwzx/2022/10/202210171103096524.jpg	UploadFiles/xwzx/2022/10/202210171103096524.jpg	223438	11c6643f1972653a1a7f759c7e528fcf16a5139c58c28354a4506e835123f40c	11c6643f1972653a1a7f759c7e528fcf16a5139c58c28354a4506e835123f40c	
UploadFiles/xwzx/2022/10/202210171103101601.jpg	UploadFiles/xwzx/2022/10/202210171103101601.jpg	308527	48c8a683fc14a3a4bb817ac361b0095432db54cecba073cac2f872547484f171	48c8a683fc14a3a4bb817ac361b0095432db54cecba073cac2f872547484f171	
UploadFiles/xwzx/2022/10/202210171103118630.jpg	UploadFiles/xwzx/2022/10/202210171103118630.jpg	424774	88f4243ea944d1e02e086a0d1acf9f64a1af4df63d09a46fc81813c2795f28bd	88f4243ea944d1e02e086a0d1acf9f64a1af4df63d09a46fc81813c2795f28bd	
UploadFiles/xwzx/2022/10/202210171103123369.jpg	UploadFiles/xwzx/2022/10/202210171103123369.jpg	390850	d3ff3576569500e68a13d10b1a79827703b8d9d83471c9af332794eb91bbef0a	d3ff3576569500e68a13d10b1a79827703b8d9d83471c9af332794eb91bbef0a	
UploadFiles/xwzx/2022/10/202210171103125600.jpg	UploadFiles/xwzx/2022/10/202210171103125600.jpg	514330	1b93e4c0798a4e5c3744365460f863f56afc04097bc6ea711c0173cc886c2b6b	1b93e4c0798a4e5c3744365460f863f56afc04097bc6ea711c0173cc886c2b6b	
UploadFiles/xwzx/2022/10/202210171103128071.jpg	UploadFiles/xwzx/2022/10/202210171103128071.jpg	4906471	331de21444f2bd12116e4c3da1c68a8576d78ee9ef59406ca2d20d3d1bc82626	331de21444f2bd12116e4c3da1c68a8576d78ee9ef59406ca2d20d3d1bc82626	
UploadFiles/xwzx/2022/10/202210171103131894.jpg	UploadFiles/xwzx/2022/10/202210171103131894.jpg	412925	3905c99398323b3fda489bc7354c01f98439cddb5349116b5863e4fed33de34f	3905c99398323b3fda489bc7354c01f98439cddb5349116b5863e4fed33de34f	
UploadFiles/xwzx/2022/10/202210171103134065.jpg	UploadFiles/xwzx/2022/10/202210171103134065.jpg	283150	72db561d3f3f1f5ba8f823378ebc7ea1bd13b33c0700d307c6d2bd8f84cdc5d4	72db561d3f3f1f5ba8f823378ebc7ea1bd13b33c0700d307c6d2bd8f84cdc5d4	
UploadFiles/xwzx/2022/10/202210171103141840.jpg	UploadFiles/xwzx/2022/10/202210171103141840.jpg	310918	3e0fe6119ffdc46c7e93cce3809c2483309ccded390750e05c8d816b2bd55273	3e0fe6119ffdc46c7e93cce3809c2483309ccded390750e05c8d816b2bd55273	
UploadFiles/xwzx/2022/10/202210171103145375.jpg	UploadFiles/xwzx/2022/10/202210171103145375.jpg	251951	944bf5576826a350dead5d2d33e6184619f98b1b11b0d19e7424f88f78bfe8c1	944bf5576826a350dead5d2d33e6184619f98b1b11b0d19e7424f88f78bfe8c1	
UploadFiles/xwzx/2022/10/202210171103154953.jpg	UploadFiles/xwzx/2022/10/202210171103154953.jpg	261822	280de77bed4b7a2d6526ff2ca53f8b6d8d13fd68bc7a72a23e4346edd77da132	280de77bed4b7a2d6526ff2ca53f8b6d8d13fd68bc7a72a23e4346edd77da132	
UploadFiles/xwzx/2022/10/202210171103160142.jpg	UploadFiles/xwzx/2022/10/202210171103160142.jpg	268226	a9c523d03752b62b5a02986948a1eb875932ae9f2a01d79eb290c6e61a59ef32	a9c523d03752b62b5a02986948a1eb875932ae9f2a01d79eb290c6e61a59ef32	
UploadFiles/xwzx/2022/10/202210171103162977.jpg	UploadFiles/xwzx/2022/10/202210171103162977.jpg	251906	29c93b1720de497ab6cf1a340aa25e700c7994c70742bb9614eafe92d2f72a68	29c93b1720de497ab6cf1a340aa25e700c7994c70742bb9614eafe92d2f72a68	
UploadFiles/xwzx/2022/10/202210171103175649.jpg	UploadFiles/xwzx/2022/10/202210171103175649.jpg	5260029	5a6753ff864d5687e528c8da82f688b366c7cbc72ee113b80e24e578465fd8d7	5a6753ff864d5687e528c8da82f688b366c7cbc72ee113b80e24e578465fd8d7	
UploadFiles/xwzx/2022/10/202210171103180789.jpg	UploadFiles/xwzx/2022/10/202210171103180789.jpg	250382	08ed80c8bc9b942656c9eee3c1bf9e19f444415997201564b99e020f738239e1	08ed80c8bc9b942656c9eee3c1bf9e19f444415997201564b99e020f738239e1	
UploadFiles/xwzx/2022/10/202210171103184122.jpg	UploadFiles/xwzx/2022/10/202210171103184122.jpg	257698	2d42e81be1235f49cf4abf1245f81cb40c0d56b8bcf50f788654f2d99982d330	2d42e81be1235f49cf4abf1245f81cb40c0d56b8bcf50f788654f2d99982d330	
UploadFiles/xwzx/2022/10/202210171103185760.jpg	UploadFiles/xwzx/2022/10/202210171103185760.jpg	308285	2541af85d37177a9cdf5eb77f049d4636d667b5a56728afb3ecb09a4f6d761e1	2541af85d37177a9cdf5eb77f049d4636d667b5a56728afb3ecb09a4f6d761e1	
UploadFiles/xwzx/2022/10/202210171103187678.jpg	UploadFiles/xwzx/2022/10/202210171103187678.jpg	297802	677acfef1c40c9106780efa9aad5fa50fbe9465237c8d32ee0c41befba49abaf	677acfef1c40c9106780efa9aad5fa50fbe9465237c8d32ee0c41befba49abaf	
UploadFiles/xwzx/2022/10/202210171103191709.jpg	UploadFiles/xwzx/2022/10/202210171103191709.jpg	250107	a6929a80cefb22c554238bc24ef69d41d9301a8ccf734912b5ff4ec068efd18e	a6929a80cefb22c554238bc24ef69d41d9301a8ccf734912b5ff4ec068efd18e	
UploadFiles/xwzx/2022/10/202210171103192994.jpg	UploadFiles/xwzx/2022/10/202210171103192994.jpg	256367	5769b0b753d6e9b9cf1bc47ebe921080c4bd69111d4c089b1a88ba18c062893b	5769b0b753d6e9b9cf1bc47ebe921080c4bd69111d4c089b1a88ba18c062893b	
UploadFiles/xwzx/2022/10/202210171103193554.jpg	UploadFiles/xwzx/2022/10/202210171103193554.jpg	279994	606cdc52ba854502c63c1a74212f4cb3d3ac1472f7120a98fffb399e878de106	606cdc52ba854502c63c1a74212f4cb3d3ac1472f7120a98fffb399e878de106	
UploadFiles/xwzx/2022/10/202210171103193614.jpg	UploadFiles/xwzx/2022/10/202210171103193614.jpg	305098	b8fb918791ec0b694b16566a8a7b950df7d22dc63de6480b1ef3ff4327928465	b8fb918791ec0b694b16566a8a7b950df7d22dc63de6480b1ef3ff4327928465	
UploadFiles/xwzx/2022/10/202210171103195046.jpg	UploadFiles/xwzx/2022/10/202210171103195046.jpg	254695	ae3c00835fba0fc5f3880db92ef2b834fe0e2a4bc6e53156f5c4f027e00ecb20	ae3c00835fba0fc5f3880db92ef2b834fe0e2a4bc6e53156f5c4f027e00ecb20	
UploadFiles/xwzx/2022/10/202210171103200488.jpg	UploadFiles/xwzx/2022/10/202210171103200488.jpg	261765	1520f5f19dab515d1a80191ab119cbc4a8febc0e78f8812d8cd3b46e3957ac7c	1520f5f19dab515d1a80191ab119cbc4a8febc0e78f8812d8cd3b46e3957ac7c	
UploadFiles/xwzx/2022/10/202210171103201877.jpg	UploadFiles/xwzx/2022/10/202210171103201877.jpg	355795	2e7477f84333db1e92f669a6a2bf455ff9bdf3cab8a8b5a3220bacec847d2f64	2e7477f84333db1e92f669a6a2bf455ff9bdf3cab8a8b5a3220bacec847d2f64	
UploadFiles/xwzx/2022/10/202210171103202474.jpg	UploadFiles/xwzx/2022/10/202210171103202474.jpg	210992	0898ee382f12756f3f659656e880dbee530429674d3fbf11ee0e9099a46548e3	0898ee382f12756f3f659656e880dbee530429674d3fbf11ee0e9099a46548e3	
UploadFiles/xwzx/2022/10/202210171103202732.jpg	UploadFiles/xwzx/2022/10/202210171103202732.jpg	245701	a7a4d9e475ecb621dd5fd41a89687f7bc97ccc722f045c918fbef39f80321400	a7a4d9e475ecb621dd5fd41a89687f7bc97ccc722f045c918fbef39f80321400	
UploadFiles/xwzx/2022/10/202210171103203615.jpg	UploadFiles/xwzx/2022/10/202210171103203615.jpg	240830	a550ae37150d45a6e2053bcef44015234605bd12283ed84d0f29a1f808080689	a550ae37150d45a6e2053bcef44015234605bd12283ed84d0f29a1f808080689	
UploadFiles/xwzx/2022/10/202210171103211291.jpg	UploadFiles/xwzx/2022/10/202210171103211291.jpg	359982	475f234382fe771bbcd5f3e69979adcea4d73dd1b73d66f114854f60d59914ef	475f234382fe771bbcd5f3e69979adcea4d73dd1b73d66f114854f60d59914ef	
UploadFiles/xwzx/2022/10/202210171103212201.jpg	UploadFiles/xwzx/2022/10/202210171103212201.jpg	335127	0cf800cf9ff10f641ea8bcc81e4d2cbb2c8e8239b17429500dbf654f2f531f99	0cf800cf9ff10f641ea8bcc81e4d2cbb2c8e8239b17429500dbf654f2f531f99	
UploadFiles/xwzx/2022/10/202210171103214250.jpg	UploadFiles/xwzx/2022/10/202210171103214250.jpg	317556	afc83791287d160f91bcf4a173f7a362dbfb8b61d9ca98a6c63f4c18c7c03060	afc83791287d160f91bcf4a173f7a362dbfb8b61d9ca98a6c63f4c18c7c03060	
UploadFiles/xwzx/2022/10/202210171103218469.jpg	UploadFiles/xwzx/2022/10/202210171103218469.jpg	297915	91aa345c842b181437ef77063307a9b9d019047972ee8edf3166596eeb0fcf2d	91aa345c842b181437ef77063307a9b9d019047972ee8edf3166596eeb0fcf2d	
UploadFiles/xwzx/2022/10/202210171103222644.jpg	UploadFiles/xwzx/2022/10/202210171103222644.jpg	243556	4723bc5f49640df9cecf7169793b8edf8f294182ef68ff61bac7b2c837c87f6d	4723bc5f49640df9cecf7169793b8edf8f294182ef68ff61bac7b2c837c87f6d	
UploadFiles/xwzx/2022/10/202210171103224778.jpg	UploadFiles/xwzx/2022/10/202210171103224778.jpg	234637	44c3fe864f621e54a921604ec9de0aa3824d66561de3913bc94068493cb03b80	44c3fe864f621e54a921604ec9de0aa3824d66561de3913bc94068493cb03b80	
UploadFiles/xwzx/2022/10/202210171103227425.jpg	UploadFiles/xwzx/2022/10/202210171103227425.jpg	260526	fadd3f1aa3c4c4ae24247ae98271f72ed2e9c88ba43e77642ce04672ad957544	fadd3f1aa3c4c4ae24247ae98271f72ed2e9c88ba43e77642ce04672ad957544	
UploadFiles/xwzx/2022/10/202210171103227837.jpg	UploadFiles/xwzx/2022/10/202210171103227837.jpg	314045	23db10d065b9f253a681e54dd55618d133dcdf62230126f6b45c9d8dde71dfcc	23db10d065b9f253a681e54dd55618d133dcdf62230126f6b45c9d8dde71dfcc	
UploadFiles/xwzx/2022/10/202210171103229715.jpg	UploadFiles/xwzx/2022/10/202210171103229715.jpg	254355	6ca50232f1bffc5260ba78f6c995714872b20cad0ce55ffe95eb4094b349ee24	6ca50232f1bffc5260ba78f6c995714872b20cad0ce55ffe95eb4094b349ee24	
UploadFiles/xwzx/2022/10/202210171103232238.jpg	UploadFiles/xwzx/2022/10/202210171103232238.jpg	242734	1fc855b8793eb82bbb632458335220f157f25b296933f683f4d45584a9d15666	1fc855b8793eb82bbb632458335220f157f25b296933f683f4d45584a9d15666	
UploadFiles/xwzx/2022/10/202210171103233333.jpg	UploadFiles/xwzx/2022/10/202210171103233333.jpg	167943	0854f31bd1afc676202a21a6caf64b974b500896868dba21e8780c53c83d3e47	0854f31bd1afc676202a21a6caf64b974b500896868dba21e8780c53c83d3e47	
UploadFiles/xwzx/2022/10/202210171103235749.jpg	UploadFiles/xwzx/2022/10/202210171103235749.jpg	330727	0666a1bf7278152ff19b42205b1bd499458de5490a95b22d784c3a93faa3be60	0666a1bf7278152ff19b42205b1bd499458de5490a95b22d784c3a93faa3be60	
UploadFiles/xwzx/2022/10/202210171103236035.jpg	UploadFiles/xwzx/2022/10/202210171103236035.jpg	254644	2fe0b29b9ffa76c0d327309b40a8392b3606f1187d1371d3d0b68b8b09c934d3	2fe0b29b9ffa76c0d327309b40a8392b3606f1187d1371d3d0b68b8b09c934d3	
UploadFiles/xwzx/2022/10/202210171103238720.jpg	UploadFiles/xwzx/2022/10/202210171103238720.jpg	247801	d1f2c55187d9fca8dbd6cdbd3455b9a59437f3e364b52142ba6b8f0ceeb5d64d	d1f2c55187d9fca8dbd6cdbd3455b9a59437f3e364b52142ba6b8f0ceeb5d64d	
UploadFiles/xwzx/2022/10/202210171103265016.jpg	UploadFiles/xwzx/2022/10/202210171103265016.jpg	4056728	75737fde78a5e0265329ee54c6bddc8dafd2e7701ac253eb09981bb369175900	75737fde78a5e0265329ee54c6bddc8dafd2e7701ac253eb09981bb369175900	
UploadFiles/xwzx/2022/10/202210171440331934.png	UploadFiles/xwzx/2022/10/202210171440331934.png	45940	ccab5b10b00b71cca3a27ed4ebc185eff4eb7af1bdfbfa4ef999da845477e9ea	ccab5b10b00b71cca3a27ed4ebc185eff4eb7af1bdfbfa4ef999da845477e9ea	
UploadFiles/xwzx/2022/10/202210180956305973.png	UploadFiles/xwzx/2022/10/202210180956305973.png	147183	e3fc3b8f9ed7920f09c3f38e174cf14d56fa191328bad26376a5d3030b9c88cd	e3fc3b8f9ed7920f09c3f38e174cf14d56fa191328bad26376a5d3030b9c88cd	
UploadFiles/xwzx/2022/10/202210181006148808.jpg	UploadFiles/xwzx/2022/10/202210181006148808.jpg	250196	2d25deca4a75d5980946ae6b31dc926b44454d78a8da2659ba397632ec1298da	2d25deca4a75d5980946ae6b31dc926b44454d78a8da2659ba397632ec1298da	
UploadFiles/xwzx/2022/10/202210181006165990.jpg	UploadFiles/xwzx/2022/10/202210181006165990.jpg	240315	a26bd81e90cdd823e7c4dfb5b2ea8b80df765f4b0e36e7ccd67baaba04acda19	a26bd81e90cdd823e7c4dfb5b2ea8b80df765f4b0e36e7ccd67baaba04acda19	
UploadFiles/xwzx/2022/10/202210181006194173.jpg	UploadFiles/xwzx/2022/10/202210181006194173.jpg	240813	3df7bfdc999c3a9aeb5055b93e6a6a3231693122b855e6acdd2750bf9e846532	3df7bfdc999c3a9aeb5055b93e6a6a3231693122b855e6acdd2750bf9e846532	
UploadFiles/xwzx/2022/10/202210181006217820.jpg	UploadFiles/xwzx/2022/10/202210181006217820.jpg	118273	128a6c0fc5df8267b43380cf086f69680d9f4e8c93d52827cb2c4acfe010dba4	128a6c0fc5df8267b43380cf086f69680d9f4e8c93d52827cb2c4acfe010dba4	
UploadFiles/xwzx/2022/10/202210181011265827.jpg	UploadFiles/xwzx/2022/10/202210181011265827.jpg	235257	f776c458e472bcfc005adf9d88495e6701f308e36511f5a1136097413f7f6cfc	f776c458e472bcfc005adf9d88495e6701f308e36511f5a1136097413f7f6cfc	
UploadFiles/xwzx/2022/10/202210181011286272.jpg	UploadFiles/xwzx/2022/10/202210181011286272.jpg	230697	82fd8ffa4a2d00594f90018b249084e3d1a75672b46e6d7e83d5ab5581c46bb5	82fd8ffa4a2d00594f90018b249084e3d1a75672b46e6d7e83d5ab5581c46bb5	
UploadFiles/xwzx/2022/10/202210181011307953.jpg	UploadFiles/xwzx/2022/10/202210181011307953.jpg	225138	54cce5ef68a7b62b6ae583be8c3dc21b7d712b1b4841352141b4a6148a83d376	54cce5ef68a7b62b6ae583be8c3dc21b7d712b1b4841352141b4a6148a83d376	
UploadFiles/xwzx/2022/10/202210181011336399.jpg	UploadFiles/xwzx/2022/10/202210181011336399.jpg	151666	7c262fad4d7fdfc8786ef6bac81434fda308bdaf8167d9a8bfc74dd3fad03107	7c262fad4d7fdfc8786ef6bac81434fda308bdaf8167d9a8bfc74dd3fad03107	
UploadFiles/xwzx/2022/10/202210181011458601.jpg	UploadFiles/xwzx/2022/10/202210181011458601.jpg	695436	236f11787a2814cbadfb9076d0eb2a3c37222a5c3efe527c407d7b2c4524a4d7	236f11787a2814cbadfb9076d0eb2a3c37222a5c3efe527c407d7b2c4524a4d7	
UploadFiles/xwzx/2022/10/202210181011487149.jpg	UploadFiles/xwzx/2022/10/202210181011487149.jpg	4151841	0a0b4fe726dbef0c718c7a339876193896647fb38d82db1a389970a2bab57166	0a0b4fe726dbef0c718c7a339876193896647fb38d82db1a389970a2bab57166	
UploadFiles/xwzx/2022/10/202210181011494327.jpg	UploadFiles/xwzx/2022/10/202210181011494327.jpg	354138	0576997830cfa7eb825603e44e9ceb2d82e57efd4a0bc92fd837469625580289	0576997830cfa7eb825603e44e9ceb2d82e57efd4a0bc92fd837469625580289	
UploadFiles/xwzx/2022/10/202210181011499857.jpg	UploadFiles/xwzx/2022/10/202210181011499857.jpg	338927	8006be56cdc19d8a5246baa2e97780203d45e9b8544f1b29a8d0022d94f1fbda	8006be56cdc19d8a5246baa2e97780203d45e9b8544f1b29a8d0022d94f1fbda	
UploadFiles/xwzx/2022/10/202210181011566276.jpg	UploadFiles/xwzx/2022/10/202210181011566276.jpg	6349168	0cd5b1f6ec5399b043c2a7a8e4afd646fb44ec66b0be1d4fed1ae960764bb418	0cd5b1f6ec5399b043c2a7a8e4afd646fb44ec66b0be1d4fed1ae960764bb418	
UploadFiles/xwzx/2022/10/202210181011596871.jpg	UploadFiles/xwzx/2022/10/202210181011596871.jpg	4716266	c725b1dc994418ce6c4cb21b07074732f5f657431171ddc78c1b054e7709139d	c725b1dc994418ce6c4cb21b07074732f5f657431171ddc78c1b054e7709139d	
UploadFiles/xwzx/2022/10/202210181012019995.jpg	UploadFiles/xwzx/2022/10/202210181012019995.jpg	5118489	d0441ee0e69155737fbb301dfe06203b1d8c4f511ca332b63d05981815b8579b	d0441ee0e69155737fbb301dfe06203b1d8c4f511ca332b63d05981815b8579b	
UploadFiles/xwzx/2022/10/202210190843331420.png	UploadFiles/xwzx/2022/10/202210190843331420.png	147714	c4b08f0950de14586f56f4645abe93b55f46f6a4defcb8d9b24cfe88253a00d3	c4b08f0950de14586f56f4645abe93b55f46f6a4defcb8d9b24cfe88253a00d3	
UploadFiles/xwzx/2022/10/202210190907497329.png	UploadFiles/xwzx/2022/10/202210190907497329.png	11782	cdacd589887f9368c7095c58f9814cee0900febac1971657cd30468731588437	cdacd589887f9368c7095c58f9814cee0900febac1971657cd30468731588437	
UploadFiles/xwzx/2022/10/202210200954167338.png	UploadFiles/xwzx/2022/10/202210200954167338.png	255848	fe55af5be8766e46406030e4d1a8cbbc34e92fb064844a784293c09be8628ea2	fe55af5be8766e46406030e4d1a8cbbc34e92fb064844a784293c09be8628ea2	
UploadFiles/xwzx/2022/10/202210211403386480.png	UploadFiles/xwzx/2022/10/202210211403386480.png	56262	0854eafd1cf28f845e87f1d4b625f25a2ab758d1ec930e9ec5fe2cc8a95f3e1e	0854eafd1cf28f845e87f1d4b625f25a2ab758d1ec930e9ec5fe2cc8a95f3e1e	
UploadFiles/xwzx/2022/10/202210211406172490.png	UploadFiles/xwzx/2022/10/202210211406172490.png	55721	2f00967b5f31d151d95668d2706e1926a022ed9400d41fcd9e505ed6327953f7	2f00967b5f31d151d95668d2706e1926a022ed9400d41fcd9e505ed6327953f7	
UploadFiles/xwzx/2022/10/202210211409214691.png	UploadFiles/xwzx/2022/10/202210211409214691.png	55808	d65c5c7da58e7e1c52d9a230a6d596929b3a0c0a6bc91e0d8b5e05c1cdd9d682	d65c5c7da58e7e1c52d9a230a6d596929b3a0c0a6bc91e0d8b5e05c1cdd9d682	
UploadFiles/xwzx/2022/10/202210211441497578.png	UploadFiles/xwzx/2022/10/202210211441497578.png	146855	ea182ba7ce759b0a41e81c275f7e336794f0cc76f259c588a2e096ff78e9c939	ea182ba7ce759b0a41e81c275f7e336794f0cc76f259c588a2e096ff78e9c939	
UploadFiles/xwzx/2022/10/202210211448541140.png	UploadFiles/xwzx/2022/10/202210211448541140.png	146997	e4d39c0aa7d2a001e05415fe2bf2d68091b9d5b36120a9e35b190ec3fce6f8d7	e4d39c0aa7d2a001e05415fe2bf2d68091b9d5b36120a9e35b190ec3fce6f8d7	
UploadFiles/xwzx/2022/10/202210221023194050.png	UploadFiles/xwzx/2022/10/202210221023194050.png	146383	159b296478582eb74faf6e96393cade73aab695eff882cd5fdeda7e5219ff4f0	159b296478582eb74faf6e96393cade73aab695eff882cd5fdeda7e5219ff4f0	
UploadFiles/xwzx/2022/10/202210251318163831.png	UploadFiles/xwzx/2022/10/202210251318163831.png	55300	c070aa9161e65281d57cc4e0c73ac7f14e918e8c2ab3ed3ae890cdca8c5ebaa0	c070aa9161e65281d57cc4e0c73ac7f14e918e8c2ab3ed3ae890cdca8c5ebaa0	
UploadFiles/xwzx/2022/10/202210252359505520.png	UploadFiles/xwzx/2022/10/202210252359505520.png	146301	a99b46b7e5e62a385bf027880e0b197680a2592cc10db84fa16af323700a48d7	a99b46b7e5e62a385bf027880e0b197680a2592cc10db84fa16af323700a48d7	
UploadFiles/xwzx/2022/10/202210261242513964.png	UploadFiles/xwzx/2022/10/202210261242513964.png	55549	9ad25814c901a251a3b3e69de9dd4d5c434a5309e89d8220bbc5c6c7bdfcf7b7	9ad25814c901a251a3b3e69de9dd4d5c434a5309e89d8220bbc5c6c7bdfcf7b7	
UploadFiles/xwzx/2022/10/202210270821028980.jpg	UploadFiles/xwzx/2022/10/202210270821028980.jpg	29666	a715edeab9171a7513f12c4bbcb46bd0b6ef533dad505b2c2c33751e3d406296	a715edeab9171a7513f12c4bbcb46bd0b6ef533dad505b2c2c33751e3d406296	
UploadFiles/xwzx/2022/10/202210270821032775.jpg	UploadFiles/xwzx/2022/10/202210270821032775.jpg	260064	9723dd04f83114543f8a11f620e2cbd0aded25f2ea8b90c95e2c53b45ca30537	9723dd04f83114543f8a11f620e2cbd0aded25f2ea8b90c95e2c53b45ca30537	
UploadFiles/xwzx/2022/10/202210270821032863.jpg	UploadFiles/xwzx/2022/10/202210270821032863.jpg	208053	2137409572a06871542dc471d7b969857e48cebff5b41e2dc39a4266cfb42935	2137409572a06871542dc471d7b969857e48cebff5b41e2dc39a4266cfb42935	
UploadFiles/xwzx/2022/10/202210270821099573.jpg	UploadFiles/xwzx/2022/10/202210270821099573.jpg	1846755	0a4b245477bc66334d64a362b8056e54e59a42bd83a13e54253577cfd42b323e	0a4b245477bc66334d64a362b8056e54e59a42bd83a13e54253577cfd42b323e	
UploadFiles/xwzx/2022/10/202210270821128078.jpg	UploadFiles/xwzx/2022/10/202210270821128078.jpg	2612728	0196c6370e39704a2b50b9774138dbac61ecbaeb0a7c8a6f4385080b0aa4f159	0196c6370e39704a2b50b9774138dbac61ecbaeb0a7c8a6f4385080b0aa4f159	
UploadFiles/xwzx/2022/10/202210270821201394.jpg	UploadFiles/xwzx/2022/10/202210270821201394.jpg	6235474	6d57b242cf95463eb5baef082834b495907d3957c2aa5a15dab7b33d2e1930b5	6d57b242cf95463eb5baef082834b495907d3957c2aa5a15dab7b33d2e1930b5	
UploadFiles/xwzx/2022/10/202210270823125585.JPG	UploadFiles/xwzx/2022/10/202210270823125585.jpg	19524182	d28310a4faf8a639b9b0530244a096795aa186b17c05143ec53018b70b00ed47	d28310a4faf8a639b9b0530244a096795aa186b17c05143ec53018b70b00ed47	
UploadFiles/xwzx/2022/10/202210270823511281.JPG	UploadFiles/xwzx/2022/10/202210270823511281.jpg	16686052	7ef3c7936bfc2fabb31d56dca768f68af7cf6d61c9e053a8995c96e81828cab5	7ef3c7936bfc2fabb31d56dca768f68af7cf6d61c9e053a8995c96e81828cab5	
UploadFiles/xwzx/2022/10/202210270824213931.JPG	UploadFiles/xwzx/2022/10/202210270824213931.jpg	19991282	109f453a894517884d4ea7eb1e12f1abba8964b5763eb839551925c8f0bdc734	109f453a894517884d4ea7eb1e12f1abba8964b5763eb839551925c8f0bdc734	
UploadFiles/xwzx/2022/10/202210270825122398.jpg	UploadFiles/xwzx/2022/10/202210270825122398.jpg	8077654	4774b039842f2b2ac7b94a6d3bd29cbffe04762430db3ec4fda7f4c17de6d30a	4774b039842f2b2ac7b94a6d3bd29cbffe04762430db3ec4fda7f4c17de6d30a	
UploadFiles/xwzx/2022/10/202210270825159005.JPG	UploadFiles/xwzx/2022/10/202210270825159005.jpg	17907320	a995fa305b465173ca36773fe2730a98da257c08c727a38ca16332864c846340	a995fa305b465173ca36773fe2730a98da257c08c727a38ca16332864c846340	
UploadFiles/xwzx/2022/10/202210270827120050.png	UploadFiles/xwzx/2022/10/202210270827120050.png	1196650	041095f6bf29b7b80cdff9c7a307e902e5046603dd4fff95ba109a7845ba499c	041095f6bf29b7b80cdff9c7a307e902e5046603dd4fff95ba109a7845ba499c	
UploadFiles/xwzx/2022/10/202210270827394922.JPG	UploadFiles/xwzx/2022/10/202210270827394922.jpg	13865083	2e3a8f76ca72874f70fb99c01649f33342dfd1c50a59710444257961cdc8413b	2e3a8f76ca72874f70fb99c01649f33342dfd1c50a59710444257961cdc8413b	
UploadFiles/xwzx/2022/10/202210270828362735.png	UploadFiles/xwzx/2022/10/202210270828362735.png	3549391	f2968fc612929f9725e8bbf133974f70ac67bc3012af2cacb5a8974b10288d44	f2968fc612929f9725e8bbf133974f70ac67bc3012af2cacb5a8974b10288d44	
UploadFiles/xwzx/2022/10/202210270829350456.jpg	UploadFiles/xwzx/2022/10/202210270829350456.jpg	5561449	18873641f0eaa51fe8793ec8f6bf6902bbedee2dff19c5aa9895cbe5a3ed793c	18873641f0eaa51fe8793ec8f6bf6902bbedee2dff19c5aa9895cbe5a3ed793c	
UploadFiles/xwzx/2022/10/202210270829369010.JPG	UploadFiles/xwzx/2022/10/202210270829369010.jpg	7409423	897073131b2f1bf9c95462b7e7c5ca81f0bfbfe4e09b3df0b8b06b422640a71b	897073131b2f1bf9c95462b7e7c5ca81f0bfbfe4e09b3df0b8b06b422640a71b	
UploadFiles/xwzx/2022/10/202210270833199610.jpg	UploadFiles/xwzx/2022/10/202210270833199610.jpg	250897	2b5c0569f8f5c154e621e29169c9185a8d7f0bb861e3c55fa3dfa36517b74c6b	2b5c0569f8f5c154e621e29169c9185a8d7f0bb861e3c55fa3dfa36517b74c6b	
UploadFiles/xwzx/2022/10/202210270833200801.jpg	UploadFiles/xwzx/2022/10/202210270833200801.jpg	649490	33519d3055dae6454c15ad0301b8e7760acf6d2f9c98b2c4c47e5037096e7662	33519d3055dae6454c15ad0301b8e7760acf6d2f9c98b2c4c47e5037096e7662	
UploadFiles/xwzx/2022/10/202210270833200991.jpg	UploadFiles/xwzx/2022/10/202210270833200991.jpg	597272	4cff0f465746c308a77f12a98124270145f075fef2d3748143151f3122081580	4cff0f465746c308a77f12a98124270145f075fef2d3748143151f3122081580	
UploadFiles/xwzx/2022/10/202210270833202434.jpg	UploadFiles/xwzx/2022/10/202210270833202434.jpg	259880	e2cccddcc0b747cc4259646d565df87f3dc80c95e259ffdd643f3cb9be61be27	e2cccddcc0b747cc4259646d565df87f3dc80c95e259ffdd643f3cb9be61be27	
UploadFiles/xwzx/2022/10/202210270833202615.jpg	UploadFiles/xwzx/2022/10/202210270833202615.jpg	255352	3e9aadeb6a6171c742020f3f59527175f6166f18d2cb3dd19302f637d8b39f54	3e9aadeb6a6171c742020f3f59527175f6166f18d2cb3dd19302f637d8b39f54	
UploadFiles/xwzx/2022/10/202210270833205718.jpg	UploadFiles/xwzx/2022/10/202210270833205718.jpg	228819	a2d76ee583fc0a2573b945ae3840ca0fafd408205fc6c709146af00ac17d8b63	a2d76ee583fc0a2573b945ae3840ca0fafd408205fc6c709146af00ac17d8b63	
UploadFiles/xwzx/2022/10/202210270833209586.jpg	UploadFiles/xwzx/2022/10/202210270833209586.jpg	256529	8bcfbba3adc2c365eae69c4231fa0fe3810fc822ef6e6d9bd86bd972ca5962ca	8bcfbba3adc2c365eae69c4231fa0fe3810fc822ef6e6d9bd86bd972ca5962ca	
UploadFiles/xwzx/2022/10/202210270833218063.jpg	UploadFiles/xwzx/2022/10/202210270833218063.jpg	478548	dedf8d6f2c87cd49d5aa96869bf12fa8f32f74654e22f4b7357d684cc95ffc78	dedf8d6f2c87cd49d5aa96869bf12fa8f32f74654e22f4b7357d684cc95ffc78	
UploadFiles/xwzx/2022/10/202210270833218398.jpg	UploadFiles/xwzx/2022/10/202210270833218398.jpg	247211	da8b8ab3c14f57e28fe789675122728b406a7361e47a1cfb9b5f150be28115a8	da8b8ab3c14f57e28fe789675122728b406a7361e47a1cfb9b5f150be28115a8	
UploadFiles/xwzx/2022/10/202210270833219488.jpg	UploadFiles/xwzx/2022/10/202210270833219488.jpg	210046	3e97e4dea82bbffa43cdf8fc84b25224633f3dee75be99ff6d431a02c0b0d388	3e97e4dea82bbffa43cdf8fc84b25224633f3dee75be99ff6d431a02c0b0d388	
UploadFiles/xwzx/2022/10/202210272146573574.png	UploadFiles/xwzx/2022/10/202210272146573574.png	146717	30a9d8ea09216676bddec28333b53c0fa9e9a31ef5264f4e771231ee90fb94c5	30a9d8ea09216676bddec28333b53c0fa9e9a31ef5264f4e771231ee90fb94c5	
UploadFiles/xwzx/2022/10/202210272155486456.png	UploadFiles/xwzx/2022/10/202210272155486456.png	149269	f1bdee4b056af1e9fb068468e1dc553bf39d9d76afd753eade837931b04c9367	f1bdee4b056af1e9fb068468e1dc553bf39d9d76afd753eade837931b04c9367	
UploadFiles/xwzx/2022/10/202210280951595066.png	UploadFiles/xwzx/2022/10/202210280951595066.png	58414	b725d5c58ceedeb1439c6978fbc718110175d6a5a52fd306f6352afadea9fc14	b725d5c58ceedeb1439c6978fbc718110175d6a5a52fd306f6352afadea9fc14	
UploadFiles/xwzx/2022/10/202210281508569655.jpg	UploadFiles/xwzx/2022/10/202210281508569655.jpg	182483	e3a022f245128c28f28a3f22ff83cd23b80def18653a5c97e695eccc8fd4ee52	e3a022f245128c28f28a3f22ff83cd23b80def18653a5c97e695eccc8fd4ee52	
UploadFiles/xwzx/2022/10/202210281509108604.jpg	UploadFiles/xwzx/2022/10/202210281509108604.jpg	151015	fac6ce089e16087bef95da19a0e875c7a93012a16efb50b92d90987129c4fbbb	fac6ce089e16087bef95da19a0e875c7a93012a16efb50b92d90987129c4fbbb	
UploadFiles/xwzx/2022/10/202210281525510428.jpg	UploadFiles/xwzx/2022/10/202210281525510428.jpg	391302	7d596844542190a35c5d7ae3d93c57e9b194b2fb99b181397d25bbde56ea35c8	7d596844542190a35c5d7ae3d93c57e9b194b2fb99b181397d25bbde56ea35c8	
UploadFiles/xwzx/2022/10/202210281727230228.png	UploadFiles/xwzx/2022/10/202210281727230228.png	146060	aa8721f4b3a2408485093df9af9e16d698b5f2f2fad5ba1b9528e0de679b120b	aa8721f4b3a2408485093df9af9e16d698b5f2f2fad5ba1b9528e0de679b120b	
UploadFiles/xwzx/2022/10/202210310909121348.jpg	UploadFiles/xwzx/2022/10/202210310909121348.jpg	54210	a22f12f9cd4a9d892826e0cec631fa59aa6bd463fbc7971418e58d9ed0fd6368	a22f12f9cd4a9d892826e0cec631fa59aa6bd463fbc7971418e58d9ed0fd6368	
UploadFiles/xwzx/2022/11/202211010755130312.PNG	UploadFiles/xwzx/2022/11/202211010755130312.png	21928	cc57fd0192dd67d605ffd711aa6e8f3baa24bc1da080d8dd007bffca56f12735	cc57fd0192dd67d605ffd711aa6e8f3baa24bc1da080d8dd007bffca56f12735	
UploadFiles/xwzx/2022/11/202211012103554894.png	UploadFiles/xwzx/2022/11/202211012103554894.png	147966	cd90bb8d7183adb6259b28a8a23bdcd4f536adccc70ddd90f790cf1c350ef5f1	cd90bb8d7183adb6259b28a8a23bdcd4f536adccc70ddd90f790cf1c350ef5f1	
UploadFiles/xwzx/2022/11/202211020827027021.jpg	UploadFiles/xwzx/2022/11/202211020827027021.jpg	2176629	be0689aa2090b56d0505c68c8f9552f8ebb2c4dab9dd56d98ea73bab0759de15	be0689aa2090b56d0505c68c8f9552f8ebb2c4dab9dd56d98ea73bab0759de15	
UploadFiles/xwzx/2022/11/202211022347592135.png	UploadFiles/xwzx/2022/11/202211022347592135.png	147407	05646a77a511587e9844f95b267bbc9853fbcc0c434088dc323c3f2ee7b9d149	05646a77a511587e9844f95b267bbc9853fbcc0c434088dc323c3f2ee7b9d149	
UploadFiles/xwzx/2022/11/202211030808409096.png	UploadFiles/xwzx/2022/11/202211030808409096.png	17933	cb4321543c151d9e131ae40752a89f34fc51d33254c754e1dc5784de3edeae8c	cb4321543c151d9e131ae40752a89f34fc51d33254c754e1dc5784de3edeae8c	
UploadFiles/xwzx/2022/11/202211040803469556.png	UploadFiles/xwzx/2022/11/202211040803469556.png	47669	f0346e8a3344d57e553c83c1d8e1608e3188efcece7cac1e275d185c4075c4a0	f0346e8a3344d57e553c83c1d8e1608e3188efcece7cac1e275d185c4075c4a0	
UploadFiles/xwzx/2022/11/202211041708217302.JPG	UploadFiles/xwzx/2022/11/202211041708217302.jpg	9632393	16f12b925aab5b03dcaa0dcc0c5857d9ad4267aa1054818b965a0b8ff5d79202	16f12b925aab5b03dcaa0dcc0c5857d9ad4267aa1054818b965a0b8ff5d79202	
UploadFiles/xwzx/2022/11/202211041708224192.JPG	UploadFiles/xwzx/2022/11/202211041708224192.jpg	10465188	97fec3d6b52954a8d7f3513af6af6df70513cb550b4aed0528a36a551814bf2a	97fec3d6b52954a8d7f3513af6af6df70513cb550b4aed0528a36a551814bf2a	
UploadFiles/xwzx/2022/11/202211041708407505.JPG	UploadFiles/xwzx/2022/11/202211041708407505.jpg	17047734	388e9718247f107c32020ea972e802ab11718b1ce2e4ff391c2a2edd274c00b3	388e9718247f107c32020ea972e802ab11718b1ce2e4ff391c2a2edd274c00b3	
UploadFiles/xwzx/2022/11/202211041708511213.JPG	UploadFiles/xwzx/2022/11/202211041708511213.jpg	15181971	82e595cd284cabe70b94e38cd8237590cadcd96349b4e5ec118249c0297dfbab	82e595cd284cabe70b94e38cd8237590cadcd96349b4e5ec118249c0297dfbab	
UploadFiles/xwzx/2022/11/202211041708534085.jpg	UploadFiles/xwzx/2022/11/202211041708534085.jpg	328707	5fb6a5421f56bf6c49cc959aa678483310ac4579c60f1aac2b04ca89a437d421	5fb6a5421f56bf6c49cc959aa678483310ac4579c60f1aac2b04ca89a437d421	
UploadFiles/xwzx/2022/11/202211041708565630.JPG	UploadFiles/xwzx/2022/11/202211041708565630.jpg	15361735	5598527f52815f97d0fc7bf58b4cbaaf3999d1bf6a64276cb05397107724d4dc	5598527f52815f97d0fc7bf58b4cbaaf3999d1bf6a64276cb05397107724d4dc	
UploadFiles/xwzx/2022/11/202211041709005183.JPG	UploadFiles/xwzx/2022/11/202211041709005183.jpg	2222956	5e3efbe394da82916d151c89f428b312e3ecf199d61bd74176783be49942b115	5e3efbe394da82916d151c89f428b312e3ecf199d61bd74176783be49942b115	
UploadFiles/xwzx/2022/11/202211041709012328.JPG	UploadFiles/xwzx/2022/11/202211041709012328.jpg	9009504	1d3d2429b26de92d5c7c6d39510883d5c3ac86334fa93d2b98df16ee425ac962	1d3d2429b26de92d5c7c6d39510883d5c3ac86334fa93d2b98df16ee425ac962	
UploadFiles/xwzx/2022/11/202211041710488365.jpeg	UploadFiles/xwzx/2022/11/202211041710488365.jpeg	3112393	769b5edb93103d819ecd67192f0d67ca15f9e5cb3f6e1ce434429784233c301d	769b5edb93103d819ecd67192f0d67ca15f9e5cb3f6e1ce434429784233c301d	
UploadFiles/xwzx/2022/11/202211041710504463.jpeg	UploadFiles/xwzx/2022/11/202211041710504463.jpeg	4305418	a7f1f7be148ba04a4fe314052a246cc4aac305f6a219864fcb2e674e91d78942	a7f1f7be148ba04a4fe314052a246cc4aac305f6a219864fcb2e674e91d78942	
UploadFiles/xwzx/2022/11/202211041710510782.jpeg	UploadFiles/xwzx/2022/11/202211041710510782.jpeg	5101795	c013c28104fca0cc3c00213c70556f3e86b57c529c0c76d28e46006d867035bb	c013c28104fca0cc3c00213c70556f3e86b57c529c0c76d28e46006d867035bb	
UploadFiles/xwzx/2022/11/202211041711098935.JPG	UploadFiles/xwzx/2022/11/202211041711098935.jpg	15372570	25f9caabfe7646d6a7000e60be51c3494b92a7a5fc5472602a8e83af65d5020d	25f9caabfe7646d6a7000e60be51c3494b92a7a5fc5472602a8e83af65d5020d	
UploadFiles/xwzx/2022/11/202211041711202163.JPG	UploadFiles/xwzx/2022/11/202211041711202163.jpg	15230711	f318b294b934cf741a1267f173bdc2f4ebc21a9ac0a95171f2579a1d0a2d7874	f318b294b934cf741a1267f173bdc2f4ebc21a9ac0a95171f2579a1d0a2d7874	
UploadFiles/xwzx/2022/11/202211041711315791.jpg	UploadFiles/xwzx/2022/11/202211041711315791.jpg	10398895	49dd0fda8b5f88a7d0b262fa2d817c5839873798f7609ef92ebfde181dc54413	49dd0fda8b5f88a7d0b262fa2d817c5839873798f7609ef92ebfde181dc54413	
UploadFiles/xwzx/2022/11/202211041711329963.JPG	UploadFiles/xwzx/2022/11/202211041711329963.jpg	14676148	d8e455fce0e883574b24281f24e9c746941b3ed696d450250fea5084ce75eaf5	d8e455fce0e883574b24281f24e9c746941b3ed696d450250fea5084ce75eaf5	
UploadFiles/xwzx/2022/11/202211041711442503.JPG	UploadFiles/xwzx/2022/11/202211041711442503.jpg	14382568	c7cc5459ec91a0c7d89cdc22617e66eb5839d42626258783500766738e4ce012	c7cc5459ec91a0c7d89cdc22617e66eb5839d42626258783500766738e4ce012	
UploadFiles/xwzx/2022/11/202211041711563178.JPG	UploadFiles/xwzx/2022/11/202211041711563178.jpg	14194027	08a560a5d40d23673356d51f801cd56467dd0aaf146a1629d2bded81f0d0f8aa	08a560a5d40d23673356d51f801cd56467dd0aaf146a1629d2bded81f0d0f8aa	
UploadFiles/xwzx/2022/11/202211041712036680.JPG	UploadFiles/xwzx/2022/11/202211041712036680.jpg	14884790	e44d06d6322bcf476f862e5bca57ed7ea35bdc3deecd0dcfb1917ec287bca6e4	e44d06d6322bcf476f862e5bca57ed7ea35bdc3deecd0dcfb1917ec287bca6e4	
UploadFiles/xwzx/2022/11/202211041712054547.JPG	UploadFiles/xwzx/2022/11/202211041712054547.jpg	15487197	b97a70791de54e45566e4064c76cb0ef282ba4e35cda63e944d1a287dc4f15e6	b97a70791de54e45566e4064c76cb0ef282ba4e35cda63e944d1a287dc4f15e6	
UploadFiles/xwzx/2022/11/202211042344337125.png	UploadFiles/xwzx/2022/11/202211042344337125.png	147391	a27b8355f2c1d3b954220a0bb209c9bb3d45eb7e3d9f4f30e9c71e592a0fd761	a27b8355f2c1d3b954220a0bb209c9bb3d45eb7e3d9f4f30e9c71e592a0fd761	
UploadFiles/xwzx/2022/11/202211042345177830.png	UploadFiles/xwzx/2022/11/202211042345177830.png	146475	b55d070d4d79a927e7dadcd43ee22def16a9e6fe9eba55f3d7a356e04f273d9e	b55d070d4d79a927e7dadcd43ee22def16a9e6fe9eba55f3d7a356e04f273d9e	
UploadFiles/xwzx/2022/11/202211071435213671.png	UploadFiles/xwzx/2022/11/202211071435213671.png	30779	4b1082b53018a1b2e3cf7754cac2925e12f866cb2864a445885b5cad1a18398a	4b1082b53018a1b2e3cf7754cac2925e12f866cb2864a445885b5cad1a18398a	
UploadFiles/xwzx/2022/11/202211071745210645.jpg	UploadFiles/xwzx/2022/11/202211071745210645.jpg	112167	2b4582c3e01c07348ece91d4f9cd6ac369fabe47942172f29f1950187cf45500	2b4582c3e01c07348ece91d4f9cd6ac369fabe47942172f29f1950187cf45500	
UploadFiles/xwzx/2022/11/202211071745211203.jpg	UploadFiles/xwzx/2022/11/202211071745211203.jpg	103105	9c11679b8a202234cf98a9e33a2c604fac164d8b5b8863ba70ff2f99fa467c61	9c11679b8a202234cf98a9e33a2c604fac164d8b5b8863ba70ff2f99fa467c61	
UploadFiles/xwzx/2022/11/202211072330100449.png	UploadFiles/xwzx/2022/11/202211072330100449.png	146948	4edabb0ac203138614c0d0d47c4732f651e9cf74d3f8e8ac15e7b06938a608b7	4edabb0ac203138614c0d0d47c4732f651e9cf74d3f8e8ac15e7b06938a608b7	
UploadFiles/xwzx/2022/11/202211081012459419.png	UploadFiles/xwzx/2022/11/202211081012459419.png	55723	9fe3a612e57c41fe612bf578217964f84acc781b4b237b5e6288665391a73796	9fe3a612e57c41fe612bf578217964f84acc781b4b237b5e6288665391a73796	
UploadFiles/xwzx/2022/11/202211081428447180.png	UploadFiles/xwzx/2022/11/202211081428447180.png	17190	f6a7e340b2876494886b82d91346d95b9c5160f7f2a5ece544b04b51478d9454	f6a7e340b2876494886b82d91346d95b9c5160f7f2a5ece544b04b51478d9454	
UploadFiles/xwzx/2022/11/202211100111256116.png	UploadFiles/xwzx/2022/11/202211100111256116.png	146265	25447ceb99d527c628c94a04d426b51627b9311e4aedd96dbe0f8399f358a967	25447ceb99d527c628c94a04d426b51627b9311e4aedd96dbe0f8399f358a967	
UploadFiles/xwzx/2022/11/202211100119333706.png	UploadFiles/xwzx/2022/11/202211100119333706.png	146210	96bb89120b474cb3e34cf7981abcd520fc79c93b25781fd5d0d85f1e2883338c	96bb89120b474cb3e34cf7981abcd520fc79c93b25781fd5d0d85f1e2883338c	
UploadFiles/xwzx/2022/11/202211120144035661.png	UploadFiles/xwzx/2022/11/202211120144035661.png	156700	00ad9d23ac53e4d1f391f424f5b7e809d52f7f177a40470bed4350b3ec828c23	00ad9d23ac53e4d1f391f424f5b7e809d52f7f177a40470bed4350b3ec828c23	
UploadFiles/xwzx/2022/11/202211140815317366.JPG	UploadFiles/xwzx/2022/11/202211140815317366.jpg	16132663	74234dba94858a75c15d573965f0dbda96c0328dc7bce2542ea9883b5ae48c3c	74234dba94858a75c15d573965f0dbda96c0328dc7bce2542ea9883b5ae48c3c	
UploadFiles/xwzx/2022/11/202211140815325508.JPG	UploadFiles/xwzx/2022/11/202211140815325508.jpg	16502946	a0d0378ddcc814238aae32f92e70982c872325bc8f0adbac06b60bc98edf9a29	a0d0378ddcc814238aae32f92e70982c872325bc8f0adbac06b60bc98edf9a29	
UploadFiles/xwzx/2022/11/202211140815341754.JPG	UploadFiles/xwzx/2022/11/202211140815341754.jpg	17301214	d6c470e25f1aebd55cdf90530f5ca20f6a45440c1f6268a48de2b11771167706	d6c470e25f1aebd55cdf90530f5ca20f6a45440c1f6268a48de2b11771167706	
UploadFiles/xwzx/2022/11/202211140816010631.JPG	UploadFiles/xwzx/2022/11/202211140816010631.jpg	15042918	ae4768f188b706aa0c43fb3b7575b0537d74bd16e85e25c01330d3f5ddd304cc	ae4768f188b706aa0c43fb3b7575b0537d74bd16e85e25c01330d3f5ddd304cc	
UploadFiles/xwzx/2022/11/202211140816021909.JPG	UploadFiles/xwzx/2022/11/202211140816021909.jpg	14970458	2f8e4e9ee8078183af86ff6466b4e0c68c8b692d1721b659d6a4517d6daf9fb5	2f8e4e9ee8078183af86ff6466b4e0c68c8b692d1721b659d6a4517d6daf9fb5	
UploadFiles/xwzx/2022/11/202211140816049909.JPG	UploadFiles/xwzx/2022/11/202211140816049909.jpg	17831403	5e2dec55f16ff699c0eac2d4acbb84fd736ad56ec10c3cec0a3c9a9b996be598	5e2dec55f16ff699c0eac2d4acbb84fd736ad56ec10c3cec0a3c9a9b996be598	
UploadFiles/xwzx/2022/11/202211140816297750.JPG	UploadFiles/xwzx/2022/11/202211140816297750.jpg	14131137	b4328e215a214c13b865613730bff6d0c5429fc38f355bbfc4868dd9d3b8d4d6	b4328e215a214c13b865613730bff6d0c5429fc38f355bbfc4868dd9d3b8d4d6	
UploadFiles/xwzx/2022/11/202211140816321646.JPG	UploadFiles/xwzx/2022/11/202211140816321646.jpg	15319085	86542227c2a5174454a393415ddb6134c6119d806f0100d3e4f15f365c997334	86542227c2a5174454a393415ddb6134c6119d806f0100d3e4f15f365c997334	
UploadFiles/xwzx/2022/11/202211140816357793.JPG	UploadFiles/xwzx/2022/11/202211140816357793.jpg	15685796	a1768b7b95694e0d4a80b1c889667b5a054b2aaa02d361e8a085b97638dfe103	a1768b7b95694e0d4a80b1c889667b5a054b2aaa02d361e8a085b97638dfe103	
UploadFiles/xwzx/2022/11/202211140816495191.JPG	UploadFiles/xwzx/2022/11/202211140816495191.jpg	11922363	fa4b7312af134e774dc543b7b978da9d19943577469382e05b5e86e903a3ea9a	fa4b7312af134e774dc543b7b978da9d19943577469382e05b5e86e903a3ea9a	
UploadFiles/xwzx/2022/11/202211140816505362.JPG	UploadFiles/xwzx/2022/11/202211140816505362.jpg	14680649	29324f048599a2a1caa1509b6ee231f5559de36e9d75c118cbf62036d231c67f	29324f048599a2a1caa1509b6ee231f5559de36e9d75c118cbf62036d231c67f	
UploadFiles/xwzx/2022/11/202211140817518523.JPG	UploadFiles/xwzx/2022/11/202211140817518523.jpg	13503517	9d10c68e719c563c891f7953fcd6033c025055e9929850c63337684d84675cd9	9d10c68e719c563c891f7953fcd6033c025055e9929850c63337684d84675cd9	
UploadFiles/xwzx/2022/11/202211140819531898.jpg	UploadFiles/xwzx/2022/11/202211140819531898.jpg	146438	d8c437457dbbceb08819f72fde1a4aa0ea1d8bda03721571cbf151945a4df87a	d8c437457dbbceb08819f72fde1a4aa0ea1d8bda03721571cbf151945a4df87a	
UploadFiles/xwzx/2022/11/202211140819536169.JPG	UploadFiles/xwzx/2022/11/202211140819536169.jpg	195148	5a8ae07dd61f8b5062aa9f86df5a3164c236e8316432d005f78b75e515899995	5a8ae07dd61f8b5062aa9f86df5a3164c236e8316432d005f78b75e515899995	
UploadFiles/xwzx/2022/11/202211140819542788.jpg	UploadFiles/xwzx/2022/11/202211140819542788.jpg	133194	a271409a211479363d1d77f352ed11630109e2946530d64a043b6d4acee4281b	a271409a211479363d1d77f352ed11630109e2946530d64a043b6d4acee4281b	
UploadFiles/xwzx/2022/11/202211140819550965.jpg	UploadFiles/xwzx/2022/11/202211140819550965.jpg	281433	b800983eb2a98f4fe803bede67137ceaf08421ec4142a8deac8321d6f22d493f	b800983eb2a98f4fe803bede67137ceaf08421ec4142a8deac8321d6f22d493f	
UploadFiles/xwzx/2022/11/202211140819552863.PNG	UploadFiles/xwzx/2022/11/202211140819552863.png	1333407	705a7fc5585ea96e1558a93075f2ce9f8c4ee5442ddca9cbfb04051dddf36622	705a7fc5585ea96e1558a93075f2ce9f8c4ee5442ddca9cbfb04051dddf36622	
UploadFiles/xwzx/2022/11/202211140819566050.jpg	UploadFiles/xwzx/2022/11/202211140819566050.jpg	387558	7b6454e99e3bfeb12edcbd19b01d752fd6eb360abb0818ebe3fd8931d8f5335f	7b6454e99e3bfeb12edcbd19b01d752fd6eb360abb0818ebe3fd8931d8f5335f	
UploadFiles/xwzx/2022/11/202211140820039835.jpg	UploadFiles/xwzx/2022/11/202211140820039835.jpg	5561449	18873641f0eaa51fe8793ec8f6bf6902bbedee2dff19c5aa9895cbe5a3ed793c	18873641f0eaa51fe8793ec8f6bf6902bbedee2dff19c5aa9895cbe5a3ed793c	
UploadFiles/xwzx/2022/11/202211140820043802.JPG	UploadFiles/xwzx/2022/11/202211140820043802.jpg	7409423	897073131b2f1bf9c95462b7e7c5ca81f0bfbfe4e09b3df0b8b06b422640a71b	897073131b2f1bf9c95462b7e7c5ca81f0bfbfe4e09b3df0b8b06b422640a71b	
UploadFiles/xwzx/2022/11/202211140821205717.JPG	UploadFiles/xwzx/2022/11/202211140821205717.jpg	3299999	0b4ee21945b3009de1be0c2b191b15ecd1dfbfce036d131e1eaa12d14bdb722e	0b4ee21945b3009de1be0c2b191b15ecd1dfbfce036d131e1eaa12d14bdb722e	
UploadFiles/xwzx/2022/11/202211140822094078.jpg	UploadFiles/xwzx/2022/11/202211140822094078.jpg	251154	5f06bbfa8f5c1e486197987ecc0853878026fae0b4f1cd912003a1d4d1828b4e	5f06bbfa8f5c1e486197987ecc0853878026fae0b4f1cd912003a1d4d1828b4e	
UploadFiles/xwzx/2022/11/202211140822096261.jpg	UploadFiles/xwzx/2022/11/202211140822096261.jpg	199911	7842bcf6178876b06dd98c4f84b71bf9f00f3d3e6f1e3bcb5f506eaf77a4bb08	7842bcf6178876b06dd98c4f84b71bf9f00f3d3e6f1e3bcb5f506eaf77a4bb08	
UploadFiles/xwzx/2022/11/202211140822097310.jpg	UploadFiles/xwzx/2022/11/202211140822097310.jpg	233942	c6e7170bd0bb2c4f3977cef7b06d28f9276f4591ef219755b186a515a9762198	c6e7170bd0bb2c4f3977cef7b06d28f9276f4591ef219755b186a515a9762198	
UploadFiles/xwzx/2022/11/202211140822101030.jpg	UploadFiles/xwzx/2022/11/202211140822101030.jpg	230903	85da8bdd73ceeb5aafb8f9dda19d9e7481f63eff6b4e200e38bbcef673ad8f36	85da8bdd73ceeb5aafb8f9dda19d9e7481f63eff6b4e200e38bbcef673ad8f36	
UploadFiles/xwzx/2022/11/202211140822102091.jpg	UploadFiles/xwzx/2022/11/202211140822102091.jpg	215355	15dddfd80aa6a25fb77dc33989012d154d0df25b2ae37d97d6fd188169a0a74b	15dddfd80aa6a25fb77dc33989012d154d0df25b2ae37d97d6fd188169a0a74b	
UploadFiles/xwzx/2022/11/202211140822102826.jpg	UploadFiles/xwzx/2022/11/202211140822102826.jpg	247635	32c64aa6b6595b621dc26eff24e6c0c50932557a1e7a44075a05014562b1f89f	32c64aa6b6595b621dc26eff24e6c0c50932557a1e7a44075a05014562b1f89f	
UploadFiles/xwzx/2022/11/202211140822104355.jpg	UploadFiles/xwzx/2022/11/202211140822104355.jpg	250410	db6b769d5e6bfa2c087cf01f619e73a9f87feba7068d5c4e9d7ec04a128950ba	db6b769d5e6bfa2c087cf01f619e73a9f87feba7068d5c4e9d7ec04a128950ba	
UploadFiles/xwzx/2022/11/202211140822106003.jpg	UploadFiles/xwzx/2022/11/202211140822106003.jpg	232215	ee83938920cfa9f89fc96479a861af50683da0ca1b96d2606c3da33c04b757ed	ee83938920cfa9f89fc96479a861af50683da0ca1b96d2606c3da33c04b757ed	
UploadFiles/xwzx/2022/11/202211140822108158.jpg	UploadFiles/xwzx/2022/11/202211140822108158.jpg	251809	1d5199dbc5660ca95e5cbe883f41e50bfa612c0f21d4187768000110f13aa34c	1d5199dbc5660ca95e5cbe883f41e50bfa612c0f21d4187768000110f13aa34c	
UploadFiles/xwzx/2022/11/202211140822134856.jpg	UploadFiles/xwzx/2022/11/202211140822134856.jpg	4403060	6599e1b4591e4db21be4aba8d7229fb935bbfe2a077c6f5ff6ff47f89cbdd399	6599e1b4591e4db21be4aba8d7229fb935bbfe2a077c6f5ff6ff47f89cbdd399	
UploadFiles/xwzx/2022/11/202211140823273104.jpg	UploadFiles/xwzx/2022/11/202211140823273104.jpg	551724	3ee13429abad57c23e456aaec94ec6bd58c8e851f77fa5550dbc2286d4d1daf9	3ee13429abad57c23e456aaec94ec6bd58c8e851f77fa5550dbc2286d4d1daf9	
UploadFiles/xwzx/2022/11/202211140823280653.jpg	UploadFiles/xwzx/2022/11/202211140823280653.jpg	406897	de19eaee4815d54c5970ce552c9fd62bb6bfbe211274d15c531eb7ab18bf8c54	de19eaee4815d54c5970ce552c9fd62bb6bfbe211274d15c531eb7ab18bf8c54	
UploadFiles/xwzx/2022/11/202211140823281485.jpg	UploadFiles/xwzx/2022/11/202211140823281485.jpg	77662	480009a57dfe50a3856ffd130e3f2776ae22240c4f92720dac89d425569c08ff	480009a57dfe50a3856ffd130e3f2776ae22240c4f92720dac89d425569c08ff	
UploadFiles/xwzx/2022/11/202211140823281549.jpg	UploadFiles/xwzx/2022/11/202211140823281549.jpg	205872	57179e3c436e46d183f08049ccc4cb403582a85e57b77eda418ae04713c8c7e0	57179e3c436e46d183f08049ccc4cb403582a85e57b77eda418ae04713c8c7e0	
UploadFiles/xwzx/2022/11/202211140823287602.jpg	UploadFiles/xwzx/2022/11/202211140823287602.jpg	291410	3756cc7ff2fa32840e50c7a69016c39d1437584bf1346c4e061dc855e113e5e2	3756cc7ff2fa32840e50c7a69016c39d1437584bf1346c4e061dc855e113e5e2	
UploadFiles/xwzx/2022/11/202211140823288684.jpg	UploadFiles/xwzx/2022/11/202211140823288684.jpg	326049	67a4ecd970337d80fba34347ca611b16786e9fb1957df92a986c2ec700fd1b40	67a4ecd970337d80fba34347ca611b16786e9fb1957df92a986c2ec700fd1b40	
UploadFiles/xwzx/2022/11/202211140823290135.jpg	UploadFiles/xwzx/2022/11/202211140823290135.jpg	179396	f384a6876d374acc34ca5b520ac2c18b5fa6b43534e3b8e2c2b237d6d30408e4	f384a6876d374acc34ca5b520ac2c18b5fa6b43534e3b8e2c2b237d6d30408e4	
UploadFiles/xwzx/2022/11/202211140823290517.jpg	UploadFiles/xwzx/2022/11/202211140823290517.jpg	267488	b3fa4ed99e0a3fa72424580e21824301544c91cdf7ac450a10c5e63d64739ffe	b3fa4ed99e0a3fa72424580e21824301544c91cdf7ac450a10c5e63d64739ffe	
UploadFiles/xwzx/2022/11/202211140823298911.jpg	UploadFiles/xwzx/2022/11/202211140823298911.jpg	238075	f3358e1442488bbd639f73c9964a675623d22b5f1bb81d160360bd19ac061533	f3358e1442488bbd639f73c9964a675623d22b5f1bb81d160360bd19ac061533	
UploadFiles/xwzx/2022/11/202211140828377765.png	UploadFiles/xwzx/2022/11/202211140828377765.png	62124	99237061a6214bb8ae0856881d45a5c5bb5893228f11db505692bcff18ee2223	99237061a6214bb8ae0856881d45a5c5bb5893228f11db505692bcff18ee2223	
UploadFiles/xwzx/2022/11/202211141334083313.png	UploadFiles/xwzx/2022/11/202211141334083313.png	150630	032d67b7cd5c08e8da79e9ba712d7bbb9ccf20a817c008317a3e74d0c12a1f31	032d67b7cd5c08e8da79e9ba712d7bbb9ccf20a817c008317a3e74d0c12a1f31	
UploadFiles/xwzx/2022/11/202211141334088309.png	UploadFiles/xwzx/2022/11/202211141334088309.png	130087	2d1ca2f40a42028a5c5b7b8f15375e164b1bc1ffe78fadb2782406a522d9fdab	2d1ca2f40a42028a5c5b7b8f15375e164b1bc1ffe78fadb2782406a522d9fdab	
UploadFiles/xwzx/2022/11/202211141439261481.JPG	UploadFiles/xwzx/2022/11/202211141439261481.jpg	535091	b63416c779fff8e66c07797f5a247c0240339563da797061b1f48793e362aa4f	b63416c779fff8e66c07797f5a247c0240339563da797061b1f48793e362aa4f	
UploadFiles/xwzx/2022/11/202211141439265119.JPG	UploadFiles/xwzx/2022/11/202211141439265119.jpg	407813	522905f1c60201083291ac706d49391af52e4c663f13832169e2bbf6e0bde40d	522905f1c60201083291ac706d49391af52e4c663f13832169e2bbf6e0bde40d	
UploadFiles/xwzx/2022/11/202211141439269358.JPG	UploadFiles/xwzx/2022/11/202211141439269358.jpg	518247	5f3d664eb5ae9b8a894433a4b40086523c373964eaf8a5019fee87ee719e41c6	5f3d664eb5ae9b8a894433a4b40086523c373964eaf8a5019fee87ee719e41c6	
UploadFiles/xwzx/2022/11/202211141439303006.JPG	UploadFiles/xwzx/2022/11/202211141439303006.jpg	3027141	e4ba7d0f231dda16b0f4de85b27b85cd6c231d41e3c5922fe6d156f8d16d6375	e4ba7d0f231dda16b0f4de85b27b85cd6c231d41e3c5922fe6d156f8d16d6375	
UploadFiles/xwzx/2022/11/202211161530276597.png	UploadFiles/xwzx/2022/11/202211161530276597.png	48029	d75b1e35413de312ea0487b0049c814d2cc6f772aafa19e601332b855a79f79a	d75b1e35413de312ea0487b0049c814d2cc6f772aafa19e601332b855a79f79a	
UploadFiles/xwzx/2022/11/202211170200470393.png	UploadFiles/xwzx/2022/11/202211170200470393.png	146690	aa41635d859284afaf30c1c3c46f94bba392de194f6d6a8bcc136855e9f6e972	aa41635d859284afaf30c1c3c46f94bba392de194f6d6a8bcc136855e9f6e972	
UploadFiles/xwzx/2022/11/202211170201224164.png	UploadFiles/xwzx/2022/11/202211170201224164.png	146865	2ad6fc4f5b5356d3880f7a00a9fecd22c1ac352ba99a73a08e10b61ad3021278	2ad6fc4f5b5356d3880f7a00a9fecd22c1ac352ba99a73a08e10b61ad3021278	
UploadFiles/xwzx/2022/11/202211181357406980.png	UploadFiles/xwzx/2022/11/202211181357406980.png	17746	9cb85471632ba781dff0526a768ea7cd13f480017fb5c2dbab64e630790c97a7	9cb85471632ba781dff0526a768ea7cd13f480017fb5c2dbab64e630790c97a7	
UploadFiles/xwzx/2022/11/202211181358486126.png	UploadFiles/xwzx/2022/11/202211181358486126.png	17519	2722aa64996ee936815c35a18c5b18fb4989111d19d4c5be7e75e39a30fc0150	2722aa64996ee936815c35a18c5b18fb4989111d19d4c5be7e75e39a30fc0150	
UploadFiles/xwzx/2022/11/202211181816201721.JPG	UploadFiles/xwzx/2022/11/202211181816201721.jpg	4444720	7ef05788bb59062cc8f547f16f4c8fbeda6eecca482781473e03213598f745f1	7ef05788bb59062cc8f547f16f4c8fbeda6eecca482781473e03213598f745f1	
UploadFiles/xwzx/2022/11/202211181816204854.JPG	UploadFiles/xwzx/2022/11/202211181816204854.jpg	4006275	a87a9a1de700ebfacdb7669366b03bfa0804a1656956dca8441e132ff26a0e43	a87a9a1de700ebfacdb7669366b03bfa0804a1656956dca8441e132ff26a0e43	
UploadFiles/xwzx/2022/11/202211181816209295.JPG	UploadFiles/xwzx/2022/11/202211181816209295.jpg	3748875	322c94bcb4cf89c4556fb5cbe9f0ccdb00bf93ea86537c21ab64525b3a115ace	322c94bcb4cf89c4556fb5cbe9f0ccdb00bf93ea86537c21ab64525b3a115ace	
UploadFiles/xwzx/2022/11/202211181816254497.jpg	UploadFiles/xwzx/2022/11/202211181816254497.jpg	23285173	7efee9226af8c5c8290d3d693f810813465d7990bce6427e48c35d8491fcc704	7efee9226af8c5c8290d3d693f810813465d7990bce6427e48c35d8491fcc704	
UploadFiles/xwzx/2022/11/202211181816258552.JPG	UploadFiles/xwzx/2022/11/202211181816258552.jpg	21993090	30dc5db2b1ec75574220a15ddb880378cb3284ddbc1e7787a05b7811058296f9	30dc5db2b1ec75574220a15ddb880378cb3284ddbc1e7787a05b7811058296f9	
UploadFiles/xwzx/2022/11/202211181816281745.JPG	UploadFiles/xwzx/2022/11/202211181816281745.jpg	15062415	9e4bd53ad3be8b330139b6a30160bbac2452898c48feb8cd3c9beb52bc136e87	9e4bd53ad3be8b330139b6a30160bbac2452898c48feb8cd3c9beb52bc136e87	
UploadFiles/xwzx/2022/11/202211181816285818.jpg	UploadFiles/xwzx/2022/11/202211181816285818.jpg	28148885	3cb75e3c620a5b3bd46ca5f67532d74007501a164f1af6fa42bf8f165c5ac133	3cb75e3c620a5b3bd46ca5f67532d74007501a164f1af6fa42bf8f165c5ac133	
UploadFiles/xwzx/2022/11/202211181816304646.jpg	UploadFiles/xwzx/2022/11/202211181816304646.jpg	27324984	7c1275788ca968e776e92639f4fa0059b1151039fe06a3803f728c5082de1e75	7c1275788ca968e776e92639f4fa0059b1151039fe06a3803f728c5082de1e75	
UploadFiles/xwzx/2022/11/202211181817408534.jpg	UploadFiles/xwzx/2022/11/202211181817408534.jpg	3991589	a81eba1980ea2493e55cc86fd60b6761f1aed58bc30fc6863b2f10c086c4dc18	a81eba1980ea2493e55cc86fd60b6761f1aed58bc30fc6863b2f10c086c4dc18	
UploadFiles/xwzx/2022/11/202211181817412689.JPG	UploadFiles/xwzx/2022/11/202211181817412689.jpg	5576099	50181292b16448cf132ac3e9d0ec3b128fae0cf3ff353ce1271943ae7bc7b7ec	50181292b16448cf132ac3e9d0ec3b128fae0cf3ff353ce1271943ae7bc7b7ec	
UploadFiles/xwzx/2022/11/202211181817413518.jpg	UploadFiles/xwzx/2022/11/202211181817413518.jpg	86087	c1e86312c3c84d03bc47a15810fdc5c5ac8262f0f6f24f7ff80e1fcdbe2e952d	c1e86312c3c84d03bc47a15810fdc5c5ac8262f0f6f24f7ff80e1fcdbe2e952d	
UploadFiles/xwzx/2022/11/202211181817419818.JPG	UploadFiles/xwzx/2022/11/202211181817419818.jpg	8732993	a75032dea14924fd9f5c9728bae010c7759ef5cd046871be474bd2ec4dfc1a90	a75032dea14924fd9f5c9728bae010c7759ef5cd046871be474bd2ec4dfc1a90	
UploadFiles/xwzx/2022/11/202211181817428758.JPG	UploadFiles/xwzx/2022/11/202211181817428758.jpg	9806724	98bc8a17e86c5f1ab0eb8ae4769da8effd397c5cd87657b417b0fe15dea9c964	98bc8a17e86c5f1ab0eb8ae4769da8effd397c5cd87657b417b0fe15dea9c964	
UploadFiles/xwzx/2022/11/202211191634322922.png	UploadFiles/xwzx/2022/11/202211191634322922.png	146326	983c170cf18ba906aa5318c49ceeaf0d23df770e749239f7257a01d6b17b404c	983c170cf18ba906aa5318c49ceeaf0d23df770e749239f7257a01d6b17b404c	
UploadFiles/xwzx/2022/11/202211191635250334.png	UploadFiles/xwzx/2022/11/202211191635250334.png	146733	983d336ab6016e6808cb97e33d253708810324269ba74f08c34664383775f8c5	983d336ab6016e6808cb97e33d253708810324269ba74f08c34664383775f8c5	
UploadFiles/xwzx/2022/11/202211230819128384.png	UploadFiles/xwzx/2022/11/202211230819128384.png	2193949	66fa6640d049e595c529012b0a8849408ad38906cfee03f6d8caa76740d060e2	66fa6640d049e595c529012b0a8849408ad38906cfee03f6d8caa76740d060e2	
UploadFiles/xwzx/2022/11/202211230820198415.png	UploadFiles/xwzx/2022/11/202211230820198415.png	1066167	296ce62a8f2ae6785e392a9c7a91fba9bc033f0393a150eeae4e1a65c969155b	296ce62a8f2ae6785e392a9c7a91fba9bc033f0393a150eeae4e1a65c969155b	
UploadFiles/xwzx/2022/11/202211230820198581.png	UploadFiles/xwzx/2022/11/202211230820198581.png	1019773	b2b40fc5d8edec605f6c8f2dff25fa4af394ccdfa2ef7daa372dfe94b594c477	b2b40fc5d8edec605f6c8f2dff25fa4af394ccdfa2ef7daa372dfe94b594c477	
UploadFiles/xwzx/2022/11/202211230820200422.jpg	UploadFiles/xwzx/2022/11/202211230820200422.jpg	186867	6061eaac947a95e85b57a69f2b166c9989832754152a9d7c673f013c8d9d3983	6061eaac947a95e85b57a69f2b166c9989832754152a9d7c673f013c8d9d3983	
UploadFiles/xwzx/2022/11/202211230820200746.jpg	UploadFiles/xwzx/2022/11/202211230820200746.jpg	209316	12b1c740e8c5342ff57b6cd1d8e853da99b02e5745623fc3f37c5e13dde5689d	12b1c740e8c5342ff57b6cd1d8e853da99b02e5745623fc3f37c5e13dde5689d	
UploadFiles/xwzx/2022/11/202211230820202683.jpg	UploadFiles/xwzx/2022/11/202211230820202683.jpg	250546	4a5ebea029827a4d1040d27bd2380dcf2539b8d00a1d9ae23071e33da077ab0d	4a5ebea029827a4d1040d27bd2380dcf2539b8d00a1d9ae23071e33da077ab0d	
UploadFiles/xwzx/2022/11/202211230820206869.jpg	UploadFiles/xwzx/2022/11/202211230820206869.jpg	231067	5fcd5600969556dccf3d3872837658294d3159633fd06c993e4ebbb415be7cde	5fcd5600969556dccf3d3872837658294d3159633fd06c993e4ebbb415be7cde	
UploadFiles/xwzx/2022/11/202211230820212431.jpg	UploadFiles/xwzx/2022/11/202211230820212431.jpg	237160	41c1c0460a5651b14219a089b31258b4f8445ace6cf311d5369618c2917a2ea8	41c1c0460a5651b14219a089b31258b4f8445ace6cf311d5369618c2917a2ea8	
UploadFiles/xwzx/2022/11/202211230820216466.jpg	UploadFiles/xwzx/2022/11/202211230820216466.jpg	294293	d066872e19242331b266a581dd3c4e19a05e2e44d59eb25a71d094f4ed2e1111	d066872e19242331b266a581dd3c4e19a05e2e44d59eb25a71d094f4ed2e1111	
UploadFiles/xwzx/2022/11/202211230820217903.jpg	UploadFiles/xwzx/2022/11/202211230820217903.jpg	294243	a0e6ad53e08ec87703ca4737bd0301c1dfae440bf2e7eb40a36c06fffeca3f1f	a0e6ad53e08ec87703ca4737bd0301c1dfae440bf2e7eb40a36c06fffeca3f1f	
UploadFiles/xwzx/2022/11/202211230820221512.jpg	UploadFiles/xwzx/2022/11/202211230820221512.jpg	225803	b52d82e2b3b99e8cab054f10faa4133a9b145469185667577135c49ba50978d0	b52d82e2b3b99e8cab054f10faa4133a9b145469185667577135c49ba50978d0	
UploadFiles/xwzx/2022/11/202211230820221838.jpg	UploadFiles/xwzx/2022/11/202211230820221838.jpg	322259	198d1b6908419727d01c6bd701e2b1335d187ab9e4f3177b8d6c9d2ca5fb6ee7	198d1b6908419727d01c6bd701e2b1335d187ab9e4f3177b8d6c9d2ca5fb6ee7	
UploadFiles/xwzx/2022/11/202211230820224655.jpg	UploadFiles/xwzx/2022/11/202211230820224655.jpg	344487	59b2b9078d1a12463ebf1657a8e928236f818ccf84c27d02a32596007b0d92a1	59b2b9078d1a12463ebf1657a8e928236f818ccf84c27d02a32596007b0d92a1	
UploadFiles/xwzx/2022/11/202211230820224664.jpg	UploadFiles/xwzx/2022/11/202211230820224664.jpg	234155	81f2290aa04a304605cacc01b008849ec40c8dcae7c9de742c616cff789efde7	81f2290aa04a304605cacc01b008849ec40c8dcae7c9de742c616cff789efde7	
UploadFiles/xwzx/2022/11/202211230820229440.jpg	UploadFiles/xwzx/2022/11/202211230820229440.jpg	199720	5a8776bcf9d98b9e374460286cc9a027b580fbbf8a57a6cd02821d8c328e7b01	5a8776bcf9d98b9e374460286cc9a027b580fbbf8a57a6cd02821d8c328e7b01	
UploadFiles/xwzx/2022/11/202211230820236553.jpg	UploadFiles/xwzx/2022/11/202211230820236553.jpg	248356	9ecb315d73a1dfd1914246fb1f88eafa724a2f112fe5b83da8f3a5f2029eac12	9ecb315d73a1dfd1914246fb1f88eafa724a2f112fe5b83da8f3a5f2029eac12	
UploadFiles/xwzx/2022/11/202211230820237487.jpg	UploadFiles/xwzx/2022/11/202211230820237487.jpg	37068	3588b055c3758d31e726bd80d2185751ca6feb91f025821a2b05a026be217ab4	3588b055c3758d31e726bd80d2185751ca6feb91f025821a2b05a026be217ab4	
UploadFiles/xwzx/2022/11/202211230820248276.png	UploadFiles/xwzx/2022/11/202211230820248276.png	899533	1f94d4cf078c960fbee6070a604e7f689cb69c9923e910bd23c99ddaa1038299	1f94d4cf078c960fbee6070a604e7f689cb69c9923e910bd23c99ddaa1038299	
UploadFiles/xwzx/2022/11/202211230820404323.JPG	UploadFiles/xwzx/2022/11/202211230820404323.jpg	15078290	4bf5a8f2250f7ac7b8e6dfda3b5525438f5284fbcdc0bebafef6764f7774d9ba	4bf5a8f2250f7ac7b8e6dfda3b5525438f5284fbcdc0bebafef6764f7774d9ba	
UploadFiles/xwzx/2022/11/202211230820458614.jpg	UploadFiles/xwzx/2022/11/202211230820458614.jpg	13535885	3490d214de368737dab5ac36e50ee0f07a7f49e130e37202da96cd99e51feb77	3490d214de368737dab5ac36e50ee0f07a7f49e130e37202da96cd99e51feb77	
UploadFiles/xwzx/2022/11/202211230820473041.jpg	UploadFiles/xwzx/2022/11/202211230820473041.jpg	14209288	8ff1bf16484185560e60643256b82ffe4d23981b154a2dfc509928fcc570a014	8ff1bf16484185560e60643256b82ffe4d23981b154a2dfc509928fcc570a014	
UploadFiles/xwzx/2022/11/202211230821019620.jpg	UploadFiles/xwzx/2022/11/202211230821019620.jpg	14085978	a7b81fdb02c3d94447b125faa266a809c55cc78296e94bfa542bacd1fc2c22cc	a7b81fdb02c3d94447b125faa266a809c55cc78296e94bfa542bacd1fc2c22cc	
UploadFiles/xwzx/2022/11/202211230821062526.jpg	UploadFiles/xwzx/2022/11/202211230821062526.jpg	2784202	7121aaa987cab71e3d37c8203ef0440020480e6aa095400f017ece2a85d2af9a	7121aaa987cab71e3d37c8203ef0440020480e6aa095400f017ece2a85d2af9a	
UploadFiles/xwzx/2022/11/202211230821102059.jpg	UploadFiles/xwzx/2022/11/202211230821102059.jpg	13917862	fc0cf47d429916eb61fc20226fe2ca516f69b1a7e00e13e670fe330a70fc2f85	fc0cf47d429916eb61fc20226fe2ca516f69b1a7e00e13e670fe330a70fc2f85	
UploadFiles/xwzx/2022/11/202211230821111176.jpg	UploadFiles/xwzx/2022/11/202211230821111176.jpg	2888191	da09a169219b9f7dcd6b72b18f92d721fd00a2089db8e6e763b8fd308e61b7d5	da09a169219b9f7dcd6b72b18f92d721fd00a2089db8e6e763b8fd308e61b7d5	
UploadFiles/xwzx/2022/11/202211230821129596.jpg	UploadFiles/xwzx/2022/11/202211230821129596.jpg	14756695	836051fd79b33b756013f82425783d72f17776db414911e364a7c977b332bbbf	836051fd79b33b756013f82425783d72f17776db414911e364a7c977b332bbbf	
UploadFiles/xwzx/2022/11/202211230821154354.jpg	UploadFiles/xwzx/2022/11/202211230821154354.jpg	3224657	27677155337dc7d6691c75ed0e9c127825b2c2b3f5d365d52f180de52b3104d6	27677155337dc7d6691c75ed0e9c127825b2c2b3f5d365d52f180de52b3104d6	
UploadFiles/xwzx/2022/11/202211230821157851.jpg	UploadFiles/xwzx/2022/11/202211230821157851.jpg	3029451	d24a1ad0ad79ebe54f0f3c5e81bd4ba23726167801b35b46798affd0511f75f2	d24a1ad0ad79ebe54f0f3c5e81bd4ba23726167801b35b46798affd0511f75f2	
UploadFiles/xwzx/2022/11/202211230821164696.jpg	UploadFiles/xwzx/2022/11/202211230821164696.jpg	4010775	430e1ded260154dac43b2cfbdce08fc5695d21d6555a58673815e6665a3820a8	430e1ded260154dac43b2cfbdce08fc5695d21d6555a58673815e6665a3820a8	
UploadFiles/xwzx/2022/11/202211230821180441.jpg	UploadFiles/xwzx/2022/11/202211230821180441.jpg	3154784	6190efefed5046e48d96baaca877d928b7189b0d615fce80267de21c045ab4c7	6190efefed5046e48d96baaca877d928b7189b0d615fce80267de21c045ab4c7	
UploadFiles/xwzx/2022/11/202211232036078729.jpg	UploadFiles/xwzx/2022/11/202211232036078729.jpg	2111609	1edcc191b0fb8610c878795576f19a7da553de3ec0f5b256b3b24e29d0b60ec1	1edcc191b0fb8610c878795576f19a7da553de3ec0f5b256b3b24e29d0b60ec1	
UploadFiles/xwzx/2022/11/202211232037020758.jpg	UploadFiles/xwzx/2022/11/202211232037020758.jpg	250176	ffd04d41f44de0404fd81c47c09662515091c9d878fbd1ae2a4490a920c4b5b6	ffd04d41f44de0404fd81c47c09662515091c9d878fbd1ae2a4490a920c4b5b6	
UploadFiles/xwzx/2022/11/202211232037024503.jpg	UploadFiles/xwzx/2022/11/202211232037024503.jpg	241254	8057f3f4e53f60c16360994824d1f1b5e33831d81981f9f536b91bf0607cf53b	8057f3f4e53f60c16360994824d1f1b5e33831d81981f9f536b91bf0607cf53b	
UploadFiles/xwzx/2022/11/202211232037028580.jpg	UploadFiles/xwzx/2022/11/202211232037028580.jpg	299499	922bab6bafa6a6b77f807ed86f450f8a0d3b50d9d46003eb50d8fa29d6908e5e	922bab6bafa6a6b77f807ed86f450f8a0d3b50d9d46003eb50d8fa29d6908e5e	
UploadFiles/xwzx/2022/11/202211232037029274.jpg	UploadFiles/xwzx/2022/11/202211232037029274.jpg	259842	cf84e47309bafddc3db0dbf1f7781c749ba7bf5ef828b5f29018ee8fad1c25d3	cf84e47309bafddc3db0dbf1f7781c749ba7bf5ef828b5f29018ee8fad1c25d3	
UploadFiles/xwzx/2022/11/202211232037033139.jpg	UploadFiles/xwzx/2022/11/202211232037033139.jpg	151278	5aacffbb3ae46aa606db402102a178b3525c99c494e83e27c6fdfcfe5686b8a4	5aacffbb3ae46aa606db402102a178b3525c99c494e83e27c6fdfcfe5686b8a4	
UploadFiles/xwzx/2022/11/202211232037033562.jpg	UploadFiles/xwzx/2022/11/202211232037033562.jpg	277250	8de16d39c5946ab053bce4d29ad7a689a7f41c7ef66893ee1c47c7583a9faaad	8de16d39c5946ab053bce4d29ad7a689a7f41c7ef66893ee1c47c7583a9faaad	
UploadFiles/xwzx/2022/11/202211232037033587.jpg	UploadFiles/xwzx/2022/11/202211232037033587.jpg	219592	24a290b1f308d3ae4e784a88f6cde5ccbd04925c98239db3ad2be0b0fedeb228	24a290b1f308d3ae4e784a88f6cde5ccbd04925c98239db3ad2be0b0fedeb228	
UploadFiles/xwzx/2022/11/202211232037034514.jpg	UploadFiles/xwzx/2022/11/202211232037034514.jpg	211520	9d1b708868af67059cc1cf33f77e3148d88d835ee81f2ca281e3f48bf7b2f3b5	9d1b708868af67059cc1cf33f77e3148d88d835ee81f2ca281e3f48bf7b2f3b5	
UploadFiles/xwzx/2022/11/202211240124110247.png	UploadFiles/xwzx/2022/11/202211240124110247.png	146326	1aba42d9ce8f0667c95102d52849a4969c7ea45d6f919bccff7dd2b39d427652	1aba42d9ce8f0667c95102d52849a4969c7ea45d6f919bccff7dd2b39d427652	
UploadFiles/xwzx/2022/11/202211240124595513.png	UploadFiles/xwzx/2022/11/202211240124595513.png	147715	b089637912783cf5e00cbdeacd7f2c5de39afc500e215fd7c62e3e2f58782fc7	b089637912783cf5e00cbdeacd7f2c5de39afc500e215fd7c62e3e2f58782fc7	
UploadFiles/xwzx/2022/11/202211250830007910.JPG	UploadFiles/xwzx/2022/11/202211250830007910.jpg	85578	5b4b33a1cc61c8f7c1d552e64484323d7e1b2e1f1389d8cd4c056ed22c09fd6c	5b4b33a1cc61c8f7c1d552e64484323d7e1b2e1f1389d8cd4c056ed22c09fd6c	
UploadFiles/xwzx/2022/11/202211251534394806.png	UploadFiles/xwzx/2022/11/202211251534394806.png	148212	568f3c8f20d9434951d4a2ba99a457da92706074dbff986760d81199d0834af1	568f3c8f20d9434951d4a2ba99a457da92706074dbff986760d81199d0834af1	
UploadFiles/xwzx/2022/11/202211281002192456.jpg	UploadFiles/xwzx/2022/11/202211281002192456.jpg	181262	f074b803572bac7a1b007821c6dc74330fe33060319098209f185ea3493c95c8	f074b803572bac7a1b007821c6dc74330fe33060319098209f185ea3493c95c8	
UploadFiles/xwzx/2022/11/202211281002192906.jpg	UploadFiles/xwzx/2022/11/202211281002192906.jpg	218157	b85e8bc651e8bc97c272025f303cf4506cb0c66ffed45c9c316e8c8b6fd420f7	b85e8bc651e8bc97c272025f303cf4506cb0c66ffed45c9c316e8c8b6fd420f7	
UploadFiles/xwzx/2022/11/202211281002199048.jpg	UploadFiles/xwzx/2022/11/202211281002199048.jpg	209394	dd27e6729f35bf15c1ac420412b7bd1ab0ce67bf79f6b23a8996802d9ecc0ec3	dd27e6729f35bf15c1ac420412b7bd1ab0ce67bf79f6b23a8996802d9ecc0ec3	
UploadFiles/xwzx/2022/11/202211281002199143.jpg	UploadFiles/xwzx/2022/11/202211281002199143.jpg	228871	5213bcce08d44af91ed3e4df11da604f161e6c516325c55f1742c34b6cb2f694	5213bcce08d44af91ed3e4df11da604f161e6c516325c55f1742c34b6cb2f694	
UploadFiles/xwzx/2022/11/202211281002203550.jpg	UploadFiles/xwzx/2022/11/202211281002203550.jpg	353112	c0650c8dea2fc7548adeaf4e267e1454826c9ac642c85d8fe6f9455150e0270a	c0650c8dea2fc7548adeaf4e267e1454826c9ac642c85d8fe6f9455150e0270a	
UploadFiles/xwzx/2022/11/202211281002203823.jpg	UploadFiles/xwzx/2022/11/202211281002203823.jpg	473196	b7afa006d6667281fb747da34aead655bc07211a0b8c2df3b65f9beacb9230fd	b7afa006d6667281fb747da34aead655bc07211a0b8c2df3b65f9beacb9230fd	
UploadFiles/xwzx/2022/11/202211281002203939.jpg	UploadFiles/xwzx/2022/11/202211281002203939.jpg	411414	b635ce5613d8b314e10355baff16202b4f489f0e340e003f92966e531876b288	b635ce5613d8b314e10355baff16202b4f489f0e340e003f92966e531876b288	
UploadFiles/xwzx/2022/11/202211281002209145.jpg	UploadFiles/xwzx/2022/11/202211281002209145.jpg	196103	156b9b2caade3c78f13cb9ba69f167f1735b19a23db80400e06bf38791753fa4	156b9b2caade3c78f13cb9ba69f167f1735b19a23db80400e06bf38791753fa4	
UploadFiles/xwzx/2022/11/202211281002209470.jpg	UploadFiles/xwzx/2022/11/202211281002209470.jpg	332478	66bb2af8a1d6254c562e2cd89f45b106b99de0584a7cef50677df508cbb86410	66bb2af8a1d6254c562e2cd89f45b106b99de0584a7cef50677df508cbb86410	
UploadFiles/xwzx/2022/11/202211281002210868.jpg	UploadFiles/xwzx/2022/11/202211281002210868.jpg	293182	8ce734060b199ba280b7701ec603dd5ed858852b7a932408cbb899cbc394100d	8ce734060b199ba280b7701ec603dd5ed858852b7a932408cbb899cbc394100d	
UploadFiles/xwzx/2022/11/202211281002211306.jpg	UploadFiles/xwzx/2022/11/202211281002211306.jpg	340601	3bcacada37b050d7ff227d4aa3134cef62fb5349c11c90056d31ca25ffff4bc6	3bcacada37b050d7ff227d4aa3134cef62fb5349c11c90056d31ca25ffff4bc6	
UploadFiles/xwzx/2022/11/202211281002220678.jpg	UploadFiles/xwzx/2022/11/202211281002220678.jpg	399514	2fd221c0a62c443326f5292c73c5c61649225d554fa06b30f1e205b155b710d8	2fd221c0a62c443326f5292c73c5c61649225d554fa06b30f1e205b155b710d8	
UploadFiles/xwzx/2022/11/202211281002222151.jpg	UploadFiles/xwzx/2022/11/202211281002222151.jpg	329708	affa9cd77953ce002ab6085066c66af2ac10d354ee96ba478ddd37bffc92a263	affa9cd77953ce002ab6085066c66af2ac10d354ee96ba478ddd37bffc92a263	
UploadFiles/xwzx/2022/11/202211281002222842.jpg	UploadFiles/xwzx/2022/11/202211281002222842.jpg	295271	4f8d49f41a0e349855e14c7de6cf19b4f51c874295e2de7241dadf70c3b72464	4f8d49f41a0e349855e14c7de6cf19b4f51c874295e2de7241dadf70c3b72464	
UploadFiles/xwzx/2022/11/202211281002226985.jpg	UploadFiles/xwzx/2022/11/202211281002226985.jpg	347338	1741c73e8d9547fc3e938def7647045127cd9609d795a5d7f312ef137b49513f	1741c73e8d9547fc3e938def7647045127cd9609d795a5d7f312ef137b49513f	
UploadFiles/xwzx/2022/11/202211281002228145.jpg	UploadFiles/xwzx/2022/11/202211281002228145.jpg	445494	082d4d94fff14795593c2fdb5582175cb9c7f5a4f8f18afa366b7dddb0affd86	082d4d94fff14795593c2fdb5582175cb9c7f5a4f8f18afa366b7dddb0affd86	
UploadFiles/xwzx/2022/11/202211281002233303.jpg	UploadFiles/xwzx/2022/11/202211281002233303.jpg	357636	d035f5aa6850927a1568c9581ec4b352163294599b531b6ca4e372cc4e4994ed	d035f5aa6850927a1568c9581ec4b352163294599b531b6ca4e372cc4e4994ed	
UploadFiles/xwzx/2022/11/202211281002237664.jpg	UploadFiles/xwzx/2022/11/202211281002237664.jpg	431377	dfe0afff02532ff4cfd9c5ec994a85fb06fc95f8633f695285a14eb9b519bfa4	dfe0afff02532ff4cfd9c5ec994a85fb06fc95f8633f695285a14eb9b519bfa4	
UploadFiles/xwzx/2022/11/202211281002239699.jpg	UploadFiles/xwzx/2022/11/202211281002239699.jpg	428682	15754c479138efa07359f7a83acfed5993c4a084303f4e38e47fb72569a7ca00	15754c479138efa07359f7a83acfed5993c4a084303f4e38e47fb72569a7ca00	
UploadFiles/xwzx/2022/11/202211281002239777.jpg	UploadFiles/xwzx/2022/11/202211281002239777.jpg	386589	a1aa24bb7df85d88de47c71dd4df93d1813bcf3da463ba04009d48ecb5485658	a1aa24bb7df85d88de47c71dd4df93d1813bcf3da463ba04009d48ecb5485658	
UploadFiles/xwzx/2022/11/202211281002245278.jpg	UploadFiles/xwzx/2022/11/202211281002245278.jpg	612580	13f66697d98f27ab7343fe9e471b43ecdd0760651c571dd8ec47d7e6d8fafeae	13f66697d98f27ab7343fe9e471b43ecdd0760651c571dd8ec47d7e6d8fafeae	
UploadFiles/xwzx/2022/11/202211281756202310.png	UploadFiles/xwzx/2022/11/202211281756202310.png	146689	01c98c01df5e6c38433b5f4024790c309776fba6da96256af58885da0fffe460	01c98c01df5e6c38433b5f4024790c309776fba6da96256af58885da0fffe460	
UploadFiles/xwzx/2022/11/202211281803258629.png	UploadFiles/xwzx/2022/11/202211281803258629.png	148650	2b44b2f98c8b4b5c07b8ea553b0887fe60d4aad330ed8058d3191f17c3d8af39	2b44b2f98c8b4b5c07b8ea553b0887fe60d4aad330ed8058d3191f17c3d8af39	
UploadFiles/xwzx/2022/11/202211281803535269.png	UploadFiles/xwzx/2022/11/202211281803535269.png	76594	fc37968db7780fe41ee1dfbca597e35ca051ead7f3fe2935c647c87832df3c4f	fc37968db7780fe41ee1dfbca597e35ca051ead7f3fe2935c647c87832df3c4f	
UploadFiles/xwzx/2022/11/202211291106096908.png	UploadFiles/xwzx/2022/11/202211291106096908.png	59362	92c72291650d72dcc84275dd910e0fb9a0dfaae7a84fefa7e64f74c66727fe83	92c72291650d72dcc84275dd910e0fb9a0dfaae7a84fefa7e64f74c66727fe83	
UploadFiles/xwzx/2022/11/202211301558214485.png	UploadFiles/xwzx/2022/11/202211301558214485.png	149408	c5e0b386ab5e3f8d7d3ad0e7e1bd119bb1da52afe9a3af7b97565ee8488c2c2a	c5e0b386ab5e3f8d7d3ad0e7e1bd119bb1da52afe9a3af7b97565ee8488c2c2a	
UploadFiles/xwzx/2022/11/202211301609049309.jpg	UploadFiles/xwzx/2022/11/202211301609049309.jpg	1743112	e06370107c35445215c1f6ec64a73de3fbe188aa8f20282da25244ed132bf8b2	e06370107c35445215c1f6ec64a73de3fbe188aa8f20282da25244ed132bf8b2	
UploadFiles/xwzx/2022/12/202212011649555022.png	UploadFiles/xwzx/2022/12/202212011649555022.png	148015	4a5a2f6f7ea7c7ba8dfeab18bb743432a80ad2e6b67379b3d6089ea626fd7584	4a5a2f6f7ea7c7ba8dfeab18bb743432a80ad2e6b67379b3d6089ea626fd7584	
UploadFiles/xwzx/2022/12/202212011703083533.png	UploadFiles/xwzx/2022/12/202212011703083533.png	148105	b36b4d1e651ca6773dfa27bf03905d7d904f46bf593636a4193d9a1275bfcc60	b36b4d1e651ca6773dfa27bf03905d7d904f46bf593636a4193d9a1275bfcc60	
UploadFiles/xwzx/2022/12/202212021025506332.jpg	UploadFiles/xwzx/2022/12/202212021025506332.jpg	250306	a52938cb0d7e60210324b3866ddd42e089020b2bc4c570636f98f16008f59aba	a52938cb0d7e60210324b3866ddd42e089020b2bc4c570636f98f16008f59aba	
UploadFiles/xwzx/2022/12/202212031447386746.png	UploadFiles/xwzx/2022/12/202212031447386746.png	147417	b80bc772e3134be3e40530dfc91926a1c9a9815e74ed4d837d76757ea0ec8a03	b80bc772e3134be3e40530dfc91926a1c9a9815e74ed4d837d76757ea0ec8a03	
UploadFiles/xwzx/2022/12/202212031448335911.png	UploadFiles/xwzx/2022/12/202212031448335911.png	148353	df36f4dd0a6a80fb85ab63377fd0cec0ed2a8923f434a45fb053e9e57e435cd5	df36f4dd0a6a80fb85ab63377fd0cec0ed2a8923f434a45fb053e9e57e435cd5	
UploadFiles/xwzx/2022/12/202212051412097995.png	UploadFiles/xwzx/2022/12/202212051412097995.png	731228	11dc6548b39e2e563a4187c6c866c8ea62b3d90180ce1dfeb599921f3c255fa7	11dc6548b39e2e563a4187c6c866c8ea62b3d90180ce1dfeb599921f3c255fa7	
UploadFiles/xwzx/2022/12/202212070953191557.jpeg	UploadFiles/xwzx/2022/12/202212070953191557.jpeg	2056486	5189d81759be19153e38ed9144d734011d68960f702764acf96a7078f6256206	5189d81759be19153e38ed9144d734011d68960f702764acf96a7078f6256206	
UploadFiles/xwzx/2022/12/202212070953495182.JPG	UploadFiles/xwzx/2022/12/202212070953495182.jpg	5329162	b4a4ef11a4c2b316037b901967349ffe4fe55c88200ce518f4497caf2fa5a5eb	b4a4ef11a4c2b316037b901967349ffe4fe55c88200ce518f4497caf2fa5a5eb	
UploadFiles/xwzx/2022/12/202212070956012098.JPG	UploadFiles/xwzx/2022/12/202212070956012098.jpg	5383298	00b587aa6906bfebce866f1b1cb1f2460791fa926c6230b0261a4ef0b066a565	00b587aa6906bfebce866f1b1cb1f2460791fa926c6230b0261a4ef0b066a565	
UploadFiles/xwzx/2022/12/202212070956254640.JPG	UploadFiles/xwzx/2022/12/202212070956254640.jpg	3132443	55940f5d5eb1982008d54c66f6814ae58565c085728ba382b538d40c09b94486	55940f5d5eb1982008d54c66f6814ae58565c085728ba382b538d40c09b94486	
UploadFiles/xwzx/2022/12/202212070956316889.JPG	UploadFiles/xwzx/2022/12/202212070956316889.jpg	6867327	0b596fc882083e221821456c444f0e35b8c06b3a33745d922107634b5ed1270b	0b596fc882083e221821456c444f0e35b8c06b3a33745d922107634b5ed1270b	
UploadFiles/xwzx/2022/12/202212070956323444.JPG	UploadFiles/xwzx/2022/12/202212070956323444.jpg	3816459	28fdb8d11de00cc32be83b14e3aa0a075b961341938e32b7bd33e268c8e30080	28fdb8d11de00cc32be83b14e3aa0a075b961341938e32b7bd33e268c8e30080	
UploadFiles/xwzx/2022/12/202212070956324837.JPG	UploadFiles/xwzx/2022/12/202212070956324837.jpg	3496910	8f61a642db77177272feb487cb40f676e8750605d99c481159e21f1c8cf07b6e	8f61a642db77177272feb487cb40f676e8750605d99c481159e21f1c8cf07b6e	
UploadFiles/xwzx/2022/12/202212070957060416.JPG	UploadFiles/xwzx/2022/12/202212070957060416.jpg	385628	df8ef7833e7dae572f213aaa4abc80a7ea4e4fb823e3cee5e63966855e7880a3	df8ef7833e7dae572f213aaa4abc80a7ea4e4fb823e3cee5e63966855e7880a3	
UploadFiles/xwzx/2022/12/202212070957095666.JPG	UploadFiles/xwzx/2022/12/202212070957095666.jpg	4020209	521e0b52f36aa50bb80de5fa4eadca1c513071c5edbbaf1c7b45d9c4eb6300d4	521e0b52f36aa50bb80de5fa4eadca1c513071c5edbbaf1c7b45d9c4eb6300d4	
UploadFiles/xwzx/2022/12/202212070957325395.JPG	UploadFiles/xwzx/2022/12/202212070957325395.jpg	229915	c2b22cdce4eeab91bff13273a5dedeced19a5aaab9bb1080a04c5118bdc8cb7a	c2b22cdce4eeab91bff13273a5dedeced19a5aaab9bb1080a04c5118bdc8cb7a	
UploadFiles/xwzx/2022/12/202212070957360556.JPG	UploadFiles/xwzx/2022/12/202212070957360556.jpg	7293369	5a8acf7f21d1bd23fb891d27ede649e4cbe6ac329706793c133c6586605b700b	5a8acf7f21d1bd23fb891d27ede649e4cbe6ac329706793c133c6586605b700b	
UploadFiles/xwzx/2022/12/202212070958020596.JPG	UploadFiles/xwzx/2022/12/202212070958020596.jpg	445925	b1084da83d55497b2fe932b83a124bd31d3673e01453684459be6261e16c469e	b1084da83d55497b2fe932b83a124bd31d3673e01453684459be6261e16c469e	
UploadFiles/xwzx/2022/12/202212070958067143.JPG	UploadFiles/xwzx/2022/12/202212070958067143.jpg	7390047	16ac97d1aea6d4364840a70f99b63f88f9f2bb36a6a2c99b8c697e0cb851a7a3	16ac97d1aea6d4364840a70f99b63f88f9f2bb36a6a2c99b8c697e0cb851a7a3	
UploadFiles/xwzx/2022/12/202212070958337637.JPG	UploadFiles/xwzx/2022/12/202212070958337637.jpg	4829944	13e1d548ad76aa8cc2a5fa66d4f3d1c0e0d5de9069abcbe892df6b250e234a5f	13e1d548ad76aa8cc2a5fa66d4f3d1c0e0d5de9069abcbe892df6b250e234a5f	
UploadFiles/xwzx/2022/12/202212070959267191.jpg	UploadFiles/xwzx/2022/12/202212070959267191.jpg	5322834	4b6d32e69e7f5a717b80e246dfb455f5547403d8b0eb62aa39841cf2680bbbf0	4b6d32e69e7f5a717b80e246dfb455f5547403d8b0eb62aa39841cf2680bbbf0	
UploadFiles/xwzx/2022/12/202212070959293647.JPG	UploadFiles/xwzx/2022/12/202212070959293647.jpg	7991937	83120f332b2d25768ba6e66ddec6e0c289cecdb50a6fd0ecfa4512a1b0a9a779	83120f332b2d25768ba6e66ddec6e0c289cecdb50a6fd0ecfa4512a1b0a9a779	
UploadFiles/xwzx/2022/12/202212071004560752.png	UploadFiles/xwzx/2022/12/202212071004560752.png	18054	9c944b1d6cfb02374e278cff52abd093a649d2d7a8a2d8d2b5ddfed81feddd25	9c944b1d6cfb02374e278cff52abd093a649d2d7a8a2d8d2b5ddfed81feddd25	
UploadFiles/xwzx/2022/12/202212071004569237.png	UploadFiles/xwzx/2022/12/202212071004569237.png	5127	65d4477fb71d3d7d7530fedf3e22bf3c148e51ca8f20ad51d94ebb4fe271dbdc	65d4477fb71d3d7d7530fedf3e22bf3c148e51ca8f20ad51d94ebb4fe271dbdc	
UploadFiles/xwzx/2022/12/202212071600040307.png	UploadFiles/xwzx/2022/12/202212071600040307.png	149306	76f405d1815e9da210dc4e1bd3410154ac48e80a9c3ab035f9225dd7a57d27e2	76f405d1815e9da210dc4e1bd3410154ac48e80a9c3ab035f9225dd7a57d27e2	
UploadFiles/xwzx/2022/12/202212071612354764.png	UploadFiles/xwzx/2022/12/202212071612354764.png	147738	7b862fb11a9acf816b385942f71e4fe6c31448f6064c4d1439e1ec650a2e3bfb	7b862fb11a9acf816b385942f71e4fe6c31448f6064c4d1439e1ec650a2e3bfb	
UploadFiles/xwzx/2022/12/202212090932598918.png	UploadFiles/xwzx/2022/12/202212090932598918.png	27878	54b020844493f73baccb05f8aa19292a394134c47729c3577d9f3dd5fc984ebd	54b020844493f73baccb05f8aa19292a394134c47729c3577d9f3dd5fc984ebd	
UploadFiles/xwzx/2022/12/202212090933170572.png	UploadFiles/xwzx/2022/12/202212090933170572.png	28106	4b93e45a9f9aabcd8e0eea6fb7bf00854780dd64beac3a8fd18ae1d090f7b997	4b93e45a9f9aabcd8e0eea6fb7bf00854780dd64beac3a8fd18ae1d090f7b997	
UploadFiles/xwzx/2022/12/202212090933351183.png	UploadFiles/xwzx/2022/12/202212090933351183.png	183395	d545f37696c6ace4125d9f24e0b06eaf9df9ac7f8065b05b4555bdf520424d2b	d545f37696c6ace4125d9f24e0b06eaf9df9ac7f8065b05b4555bdf520424d2b	
UploadFiles/xwzx/2022/12/202212090933510145.png	UploadFiles/xwzx/2022/12/202212090933510145.png	1551360	69cad637d187125554526ebf664aa84bcec903161da50f10e7540538cd96d087	69cad637d187125554526ebf664aa84bcec903161da50f10e7540538cd96d087	
UploadFiles/xwzx/2022/12/202212092252070381.png	UploadFiles/xwzx/2022/12/202212092252070381.png	147113	b3ffd7b6410a1f0247b96caad4c28c86b7a9bc22b2b38d8fbf636e593e24cca5	b3ffd7b6410a1f0247b96caad4c28c86b7a9bc22b2b38d8fbf636e593e24cca5	
UploadFiles/xwzx/2022/12/202212092252460470.png	UploadFiles/xwzx/2022/12/202212092252460470.png	146832	cd7f420a581a2fb370d5781e7b884529d6bc09cf79e69629483523552f8e1305	cd7f420a581a2fb370d5781e7b884529d6bc09cf79e69629483523552f8e1305	
UploadFiles/xwzx/2022/12/202212120953462146.png	UploadFiles/xwzx/2022/12/202212120953462146.png	17021	94c58ab8f9ed4bd1255b8c0d9148ccc06fa5399cdc5304c2e85c46a22d440e35	94c58ab8f9ed4bd1255b8c0d9148ccc06fa5399cdc5304c2e85c46a22d440e35	
UploadFiles/xwzx/2022/12/202212121502095043.jpg	UploadFiles/xwzx/2022/12/202212121502095043.jpg	179473	9ff8401e40ea17904bcdbcf4de6a64793d8cd10cf36f43491ec6d3a831cc2d0e	9ff8401e40ea17904bcdbcf4de6a64793d8cd10cf36f43491ec6d3a831cc2d0e	
UploadFiles/xwzx/2022/12/202212121502284895.jpg	UploadFiles/xwzx/2022/12/202212121502284895.jpg	155972	9bf9bab6a321b1760b226f3bbb83399529e8b5cdc803e72dd26046fe6cbf25b0	9bf9bab6a321b1760b226f3bbb83399529e8b5cdc803e72dd26046fe6cbf25b0	
UploadFiles/xwzx/2022/12/202212121518340211.png	UploadFiles/xwzx/2022/12/202212121518340211.png	146664	0e4f38f682fff6618453296735436bf74a9400871a861eebf6a35a4c20288c81	0e4f38f682fff6618453296735436bf74a9400871a861eebf6a35a4c20288c81	
UploadFiles/xwzx/2022/12/202212130953214829.jpg	UploadFiles/xwzx/2022/12/202212130953214829.jpg	183561	4781d06a2c16973cc9fd03c6da87cd85ded6e7972b1e215f80c0ff30d6bd6b23	4781d06a2c16973cc9fd03c6da87cd85ded6e7972b1e215f80c0ff30d6bd6b23	
UploadFiles/xwzx/2022/12/202212130953220002.jpg	UploadFiles/xwzx/2022/12/202212130953220002.jpg	553740	db26e14373a3ae6cbc5ec9ffd57a2fb7ad47b4519bab442a58f138f6fd17b4a4	db26e14373a3ae6cbc5ec9ffd57a2fb7ad47b4519bab442a58f138f6fd17b4a4	
UploadFiles/xwzx/2022/12/202212130953223453.jpg	UploadFiles/xwzx/2022/12/202212130953223453.jpg	162914	40ec8b06a957a5d347600bf819ce0f75540e4f6aa60280704338f8490a471a26	40ec8b06a957a5d347600bf819ce0f75540e4f6aa60280704338f8490a471a26	
UploadFiles/xwzx/2022/12/202212130953228449.jpg	UploadFiles/xwzx/2022/12/202212130953228449.jpg	312844	4f220b85c8729902f362bb86a6142640c4386c63d4c601e15ff7cec3cea213da	4f220b85c8729902f362bb86a6142640c4386c63d4c601e15ff7cec3cea213da	
UploadFiles/xwzx/2022/12/202212130953228450.jpg	UploadFiles/xwzx/2022/12/202212130953228450.jpg	299678	3ab5677dfaef56cea28248b2d4dbce3b278d5e8094f75c547bd273d71d0a6f50	3ab5677dfaef56cea28248b2d4dbce3b278d5e8094f75c547bd273d71d0a6f50	
UploadFiles/xwzx/2022/12/202212130953228932.jpg	UploadFiles/xwzx/2022/12/202212130953228932.jpg	565684	b57fd0856bf55c174dc5a362c9505094c075add1d12f1c4f998b68b3728396fd	b57fd0856bf55c174dc5a362c9505094c075add1d12f1c4f998b68b3728396fd	
UploadFiles/xwzx/2022/12/202212130953240769.jpg	UploadFiles/xwzx/2022/12/202212130953240769.jpg	437823	972b93049d178441b8349d96f30ecb752168a97ac0b609455914a88bd7e544e9	972b93049d178441b8349d96f30ecb752168a97ac0b609455914a88bd7e544e9	
UploadFiles/xwzx/2022/12/202212130953241601.jpg	UploadFiles/xwzx/2022/12/202212130953241601.jpg	179424	5cc93c4a7795097c982603d74d18442518028653c81692e4745d97687971d76b	5cc93c4a7795097c982603d74d18442518028653c81692e4745d97687971d76b	
UploadFiles/xwzx/2022/12/202212130953242522.jpg	UploadFiles/xwzx/2022/12/202212130953242522.jpg	389713	1095d1691b06531ebe653ca53b602499bbf47e6fa7c1a59fee08584f73c05f43	1095d1691b06531ebe653ca53b602499bbf47e6fa7c1a59fee08584f73c05f43	
UploadFiles/xwzx/2022/12/202212130953257166.jpg	UploadFiles/xwzx/2022/12/202212130953257166.jpg	504118	d62b78ad33a8d65e003dc7094769d23c115ebe3b24375fd39a5be3883b95487a	d62b78ad33a8d65e003dc7094769d23c115ebe3b24375fd39a5be3883b95487a	
UploadFiles/xwzx/2022/12/202212130953257965.jpg	UploadFiles/xwzx/2022/12/202212130953257965.jpg	171716	3c0093c6c22902746aff82c17d60d718334a0349bbd792792bbb67510f0b3005	3c0093c6c22902746aff82c17d60d718334a0349bbd792792bbb67510f0b3005	
UploadFiles/xwzx/2022/12/202212130953258798.jpg	UploadFiles/xwzx/2022/12/202212130953258798.jpg	318364	7df34ad376bf70d27f610c504d26def73cd6fedd44213fa9fd57afc87a2c6a61	7df34ad376bf70d27f610c504d26def73cd6fedd44213fa9fd57afc87a2c6a61	
UploadFiles/xwzx/2022/12/202212130953261379.jpg	UploadFiles/xwzx/2022/12/202212130953261379.jpg	288355	e441504c03b3b3eac9a65f0fdc683485c488e19a20134d99428366b89b6a6b42	e441504c03b3b3eac9a65f0fdc683485c488e19a20134d99428366b89b6a6b42	
UploadFiles/xwzx/2022/12/202212130953263173.jpg	UploadFiles/xwzx/2022/12/202212130953263173.jpg	231115	508de351f31a66f9e26b23c28d67bce202a6f4c063987ab2c163aa71af6a0113	508de351f31a66f9e26b23c28d67bce202a6f4c063987ab2c163aa71af6a0113	
UploadFiles/xwzx/2022/12/202212130953264910.jpg	UploadFiles/xwzx/2022/12/202212130953264910.jpg	160510	4c93f9d5bf504656e7c79acf746bca1cf053fabb1d91a64534ccb2ac9a029b21	4c93f9d5bf504656e7c79acf746bca1cf053fabb1d91a64534ccb2ac9a029b21	
UploadFiles/xwzx/2022/12/202212130953270915.jpg	UploadFiles/xwzx/2022/12/202212130953270915.jpg	202954	17b0b5cef17c2b43f53ce6ba9b4fb70686608f073a4db0d2270cccd408a2a54f	17b0b5cef17c2b43f53ce6ba9b4fb70686608f073a4db0d2270cccd408a2a54f	
UploadFiles/xwzx/2022/12/202212130953271273.jpg	UploadFiles/xwzx/2022/12/202212130953271273.jpg	343063	6d7dd008233e0c318007d575e80ed2e2b1e670dbd42e9e73aa98a16a09fce46f	6d7dd008233e0c318007d575e80ed2e2b1e670dbd42e9e73aa98a16a09fce46f	
UploadFiles/xwzx/2022/12/202212130953283758.jpg	UploadFiles/xwzx/2022/12/202212130953283758.jpg	577791	3ab90d3d0fe4e87ab8781b005daee00d61ae529302095802dbf7fa6bef69e62b	3ab90d3d0fe4e87ab8781b005daee00d61ae529302095802dbf7fa6bef69e62b	
UploadFiles/xwzx/2022/12/202212130953287024.jpg	UploadFiles/xwzx/2022/12/202212130953287024.jpg	332911	9098374d43c7059e06bb1361777362e64b45a859b970db5a33d06364d0cfe2dc	9098374d43c7059e06bb1361777362e64b45a859b970db5a33d06364d0cfe2dc	
UploadFiles/xwzx/2022/12/202212130953287557.jpg	UploadFiles/xwzx/2022/12/202212130953287557.jpg	523509	2f82e0bfc038143f116fea1ffd97faade4e20d87cf2d3b47f216c54eb257d2cb	2f82e0bfc038143f116fea1ffd97faade4e20d87cf2d3b47f216c54eb257d2cb	
UploadFiles/xwzx/2022/12/202212130953305997.jpg	UploadFiles/xwzx/2022/12/202212130953305997.jpg	527870	d1709b2b5eab4bb73100869526fc0731d23a8157abcf5a9218cb796c07818af1	d1709b2b5eab4bb73100869526fc0731d23a8157abcf5a9218cb796c07818af1	
UploadFiles/xwzx/2022/12/202212130953306472.jpg	UploadFiles/xwzx/2022/12/202212130953306472.jpg	365303	36863df565114fb2b19a04c4935edc04a372dc1f06797bc4649bc64c6ced5906	36863df565114fb2b19a04c4935edc04a372dc1f06797bc4649bc64c6ced5906	
UploadFiles/xwzx/2022/12/202212130953309665.jpg	UploadFiles/xwzx/2022/12/202212130953309665.jpg	654379	e78079a55966494fa5f7943ed30a04d314c4198de38a4bfece571d22fecadbfd	e78079a55966494fa5f7943ed30a04d314c4198de38a4bfece571d22fecadbfd	
UploadFiles/xwzx/2022/12/202212130953312359.jpg	UploadFiles/xwzx/2022/12/202212130953312359.jpg	374529	f428d6f942c6bb41464fef8c229904d97b20dabaf4e461f15f76ea3e0b9f5a92	f428d6f942c6bb41464fef8c229904d97b20dabaf4e461f15f76ea3e0b9f5a92	
UploadFiles/xwzx/2022/12/202212130953314345.jpg	UploadFiles/xwzx/2022/12/202212130953314345.jpg	228706	2926a7c9bdbe4ec6da49a8a23e77db42226f5781ebfa2d4cad72c158969dddc2	2926a7c9bdbe4ec6da49a8a23e77db42226f5781ebfa2d4cad72c158969dddc2	
UploadFiles/xwzx/2022/12/202212130953323374.jpg	UploadFiles/xwzx/2022/12/202212130953323374.jpg	209337	22ae2a9fbe82af14c4915bb8f1d5c3f4b7558ec48a94e18a934c887f934286ca	22ae2a9fbe82af14c4915bb8f1d5c3f4b7558ec48a94e18a934c887f934286ca	
UploadFiles/xwzx/2022/12/202212130953326319.jpg	UploadFiles/xwzx/2022/12/202212130953326319.jpg	235072	71f6182a04b3fc067611ca013e75e6aecfb6b48e88d99f37f7d4f29d961edae2	71f6182a04b3fc067611ca013e75e6aecfb6b48e88d99f37f7d4f29d961edae2	
UploadFiles/xwzx/2022/12/202212130953334580.jpg	UploadFiles/xwzx/2022/12/202212130953334580.jpg	443300	4c747248e992f926012710f5b3ccd1d5854ef64f486bb2e47fe9d64440a5446f	4c747248e992f926012710f5b3ccd1d5854ef64f486bb2e47fe9d64440a5446f	
UploadFiles/xwzx/2022/12/202212130953338913.jpg	UploadFiles/xwzx/2022/12/202212130953338913.jpg	523839	22d9ddefa515f6656c14f4adca457089b17a1aebd2aea807167fa075f3d1e7b7	22d9ddefa515f6656c14f4adca457089b17a1aebd2aea807167fa075f3d1e7b7	
UploadFiles/xwzx/2022/12/202212130953339267.jpg	UploadFiles/xwzx/2022/12/202212130953339267.jpg	203006	1159e739b74982b6f72333d9ad0a5fd9e95eec77220b7ea557cafcb5a828ab29	1159e739b74982b6f72333d9ad0a5fd9e95eec77220b7ea557cafcb5a828ab29	
UploadFiles/xwzx/2022/12/202212131037419360.png	UploadFiles/xwzx/2022/12/202212131037419360.png	89202	4ea1f508ce5a2454e88ef0fb89c1edf98bed4f3c3c07473b24375af6f8fb112e	4ea1f508ce5a2454e88ef0fb89c1edf98bed4f3c3c07473b24375af6f8fb112e	
UploadFiles/xwzx/2022/12/202212131104202964.Jpeg	UploadFiles/xwzx/2022/12/202212131104202964.jpeg	243742	fcf50ce404fa279e3243f0aea5e4865116097251333096c5221149167823db85	fcf50ce404fa279e3243f0aea5e4865116097251333096c5221149167823db85	
UploadFiles/xwzx/2022/12/202212131104203881.Jpeg	UploadFiles/xwzx/2022/12/202212131104203881.jpeg	310541	7353ba7e4adfb28ac2740732a83f0b4c95357352eeba8807d27d9050fb7ec18d	7353ba7e4adfb28ac2740732a83f0b4c95357352eeba8807d27d9050fb7ec18d	
UploadFiles/xwzx/2022/12/202212131403321497.png	UploadFiles/xwzx/2022/12/202212131403321497.png	43912	1686370eef6f90ddda7b16bcd9c0d054e9847d16bb943b421acf83acdec668f7	1686370eef6f90ddda7b16bcd9c0d054e9847d16bb943b421acf83acdec668f7	
UploadFiles/xwzx/2022/12/202212140853546211.png	UploadFiles/xwzx/2022/12/202212140853546211.png	147683	4ed3fa014d1a0249ca266282eafa4bd55e87fbd024bafdda95c93738f0034d2c	4ed3fa014d1a0249ca266282eafa4bd55e87fbd024bafdda95c93738f0034d2c	
UploadFiles/xwzx/2022/12/202212141414089267.png	UploadFiles/xwzx/2022/12/202212141414089267.png	16345	460d2987825ddc26b9558b9f482999ffa4816c03a9cb56464b6e509086bb81e7	460d2987825ddc26b9558b9f482999ffa4816c03a9cb56464b6e509086bb81e7	
UploadFiles/xwzx/2022/12/202212141416352353.png	UploadFiles/xwzx/2022/12/202212141416352353.png	12160	e9f43cf734b3eda99f5638cf5aac695dd8c69938cea4fcc76956df20614f4638	e9f43cf734b3eda99f5638cf5aac695dd8c69938cea4fcc76956df20614f4638	
UploadFiles/xwzx/2022/12/202212141417277275.png	UploadFiles/xwzx/2022/12/202212141417277275.png	11885	7f85939ca478a8fec1bb8da9c246817f8fbd397bf4673659e73889bb52f8b591	7f85939ca478a8fec1bb8da9c246817f8fbd397bf4673659e73889bb52f8b591	
UploadFiles/xwzx/2022/12/202212141751428695.jpg	UploadFiles/xwzx/2022/12/202212141751428695.jpg	1607263	01210de7154f6001ca097976b80cbe9385f14784eab97c5a472270041727c420	01210de7154f6001ca097976b80cbe9385f14784eab97c5a472270041727c420	
UploadFiles/xwzx/2022/12/202212141751463753.JPG	UploadFiles/xwzx/2022/12/202212141751463753.jpg	8621258	7e9c1cda90fc54423e7a9ef0a58cc38a8f712d3ee097a0ee873aed4a3a09f58d	7e9c1cda90fc54423e7a9ef0a58cc38a8f712d3ee097a0ee873aed4a3a09f58d	
UploadFiles/xwzx/2022/12/202212141752041300.jpg	UploadFiles/xwzx/2022/12/202212141752041300.jpg	1919145	efbc054807f962cfacf9f3642e6b36038d2d5477f067612e09eac6e95aa9e77f	efbc054807f962cfacf9f3642e6b36038d2d5477f067612e09eac6e95aa9e77f	
UploadFiles/xwzx/2022/12/202212141752050901.jpg	UploadFiles/xwzx/2022/12/202212141752050901.jpg	2298213	b3437a860c80b4d0c3bb0aad74403c17bda57749eb96f6c3b6c0b6b7dd6a6ca2	b3437a860c80b4d0c3bb0aad74403c17bda57749eb96f6c3b6c0b6b7dd6a6ca2	
UploadFiles/xwzx/2022/12/202212141752181273.jpg	UploadFiles/xwzx/2022/12/202212141752181273.jpg	3823452	1fbf8dffcd1208006945af0b05d3e26af5df07de5e124a4d8771546f54ac1cfe	1fbf8dffcd1208006945af0b05d3e26af5df07de5e124a4d8771546f54ac1cfe	
UploadFiles/xwzx/2022/12/202212141752438499.jpg	UploadFiles/xwzx/2022/12/202212141752438499.jpg	7431672	5df40da1c0449c194ee0f07b701c2f90aee9e6422c06d41311eca0987eac8c7c	5df40da1c0449c194ee0f07b701c2f90aee9e6422c06d41311eca0987eac8c7c	
UploadFiles/xwzx/2022/12/202212161057486736.png	UploadFiles/xwzx/2022/12/202212161057486736.png	55815	124a90439debe8692ad9bc0a60a03b8c873e40bf6f3ee72e718bc8d142a39d93	124a90439debe8692ad9bc0a60a03b8c873e40bf6f3ee72e718bc8d142a39d93	
UploadFiles/xwzx/2022/12/202212170928239513.png	UploadFiles/xwzx/2022/12/202212170928239513.png	149804	e6470faf820aa4039f301023687838b1dbe2cb137925bc9665cd596c4d24f725	e6470faf820aa4039f301023687838b1dbe2cb137925bc9665cd596c4d24f725	
UploadFiles/xwzx/2022/12/202212170939454500.png	UploadFiles/xwzx/2022/12/202212170939454500.png	147753	4a59d1858e0a4c423b923f46f9ed376f26726b4b50777a4112a63a04b83ab668	4a59d1858e0a4c423b923f46f9ed376f26726b4b50777a4112a63a04b83ab668	
UploadFiles/xwzx/2022/12/202212201657367840.png	UploadFiles/xwzx/2022/12/202212201657367840.png	147075	b1a0007222653c8ee1b911041970aa2539286da43d727b85b9e4eae08a4e0a60	b1a0007222653c8ee1b911041970aa2539286da43d727b85b9e4eae08a4e0a60	
UploadFiles/xwzx/2022/12/202212201702586315.png	UploadFiles/xwzx/2022/12/202212201702586315.png	146296	ca4969e0900f1035fe130e761c58d2909989ad782d79330f96a3ee6d5d3d4aea	ca4969e0900f1035fe130e761c58d2909989ad782d79330f96a3ee6d5d3d4aea	
UploadFiles/xwzx/2022/12/202212221022025993.png	UploadFiles/xwzx/2022/12/202212221022025993.png	42678	42777ff73ea4f7839cf5364f043a5fbe1f5dc5538a27cc380a62fe7968471227	42777ff73ea4f7839cf5364f043a5fbe1f5dc5538a27cc380a62fe7968471227	
UploadFiles/xwzx/2022/12/202212231149516164.png	UploadFiles/xwzx/2022/12/202212231149516164.png	12091	824f481ea4724a668e6d88922187f9298807a192491eea56d001e0611d940033	824f481ea4724a668e6d88922187f9298807a192491eea56d001e0611d940033	
UploadFiles/xwzx/2022/12/202212231150578672.png	UploadFiles/xwzx/2022/12/202212231150578672.png	232096	d291b03c98c364d0d1612ecb2ee47b6a018ce3389d58fce9dbf976c8eadc831b	d291b03c98c364d0d1612ecb2ee47b6a018ce3389d58fce9dbf976c8eadc831b	
UploadFiles/xwzx/2022/12/202212231152101514.png	UploadFiles/xwzx/2022/12/202212231152101514.png	83461	016b7961bf50a404373b38b07e7870cd69814c3e79ac81b3ba69559bdffbefab	016b7961bf50a404373b38b07e7870cd69814c3e79ac81b3ba69559bdffbefab	
UploadFiles/xwzx/2022/12/202212301411175643.png	UploadFiles/xwzx/2022/12/202212301411175643.png	17445	b42be114e8031f4683f2d8cac1f2ea10c1ebfc0d707e9923ba7b6c68b3db5c1e	b42be114e8031f4683f2d8cac1f2ea10c1ebfc0d707e9923ba7b6c68b3db5c1e	
UploadFiles/xwzx/2022/12/202212311523265586.png	UploadFiles/xwzx/2022/12/202212311523265586.png	49250	159057b3d4e829d2f61a1bee5051ac355c0b90e1f4196d3b20dc37f45f83545d	159057b3d4e829d2f61a1bee5051ac355c0b90e1f4196d3b20dc37f45f83545d	
UploadFiles/xwzx/2022/12/202212311523369462.png	UploadFiles/xwzx/2022/12/202212311523369462.png	34859	09f54785a0af2e86dd325a276365134d80351bbf4577e659336265651fe5fcfd	09f54785a0af2e86dd325a276365134d80351bbf4577e659336265651fe5fcfd	
UploadFiles/xwzx/2022/12/202212311523479511.png	UploadFiles/xwzx/2022/12/202212311523479511.png	51359	951026465711afc0361dfd8705f22dd628e8abe41ebdb90b4fdf5c95fd9da467	951026465711afc0361dfd8705f22dd628e8abe41ebdb90b4fdf5c95fd9da467	
UploadFiles/xwzx/2022/12/202212311523568151.png	UploadFiles/xwzx/2022/12/202212311523568151.png	35831	3ca181abab659adacf5fbd197c049e407241b1d789319bbbb07e35f00ccb8282	3ca181abab659adacf5fbd197c049e407241b1d789319bbbb07e35f00ccb8282	
UploadFiles/xwzx/2022/7/202207010907066650.png	UploadFiles/xwzx/2022/7/202207010907066650.png	601521	5a77aca0f4c5bdf949215b98082f5547482e009ece6c210e5a26dc05eea231a5	5a77aca0f4c5bdf949215b98082f5547482e009ece6c210e5a26dc05eea231a5	
UploadFiles/xwzx/2022/7/202207010908069483.bmp	UploadFiles/xwzx/2022/7/202207010908069483.bmp	2966329	8608a0a4784fa6842f2a1e48fc0afb0314319356cb9bd21ce97dce755eb9a7f7	8608a0a4784fa6842f2a1e48fc0afb0314319356cb9bd21ce97dce755eb9a7f7	
UploadFiles/xwzx/2022/7/202207010908258986.jpeg	UploadFiles/xwzx/2022/7/202207010908258986.jpeg	196913	3500f14f67ba566933c2423fd928a09d0b42855cdf32e1f5162e4c5b4a5b3bd2	3500f14f67ba566933c2423fd928a09d0b42855cdf32e1f5162e4c5b4a5b3bd2	
UploadFiles/xwzx/2022/7/202207010908270477.bmp	UploadFiles/xwzx/2022/7/202207010908270477.bmp	3240056	fdf44379badc45845f0cbde67584e746564f45bc1a85e60f78e2667ba8e7b257	fdf44379badc45845f0cbde67584e746564f45bc1a85e60f78e2667ba8e7b257	
UploadFiles/xwzx/2022/7/202207010910286888.JPG	UploadFiles/xwzx/2022/7/202207010910286888.jpg	2372919	5b18f4d3f46b5fa4b224d72fcee5e2b3ac9d907ec9e1d3999742611f86d85cda	5b18f4d3f46b5fa4b224d72fcee5e2b3ac9d907ec9e1d3999742611f86d85cda	
UploadFiles/xwzx/2022/7/202207010910297321.JPG	UploadFiles/xwzx/2022/7/202207010910297321.jpg	2564547	c025900f43264a2219cb899f797891f63f68ab97faf302dccbf4e8a4e0afb751	c025900f43264a2219cb899f797891f63f68ab97faf302dccbf4e8a4e0afb751	
UploadFiles/xwzx/2022/7/202207010910525941.JPG	UploadFiles/xwzx/2022/7/202207010910525941.jpg	14229289	831311bbc86231c191c989479077146bc0e660d4ca8b7c6a0a35bb3988121dd6	831311bbc86231c191c989479077146bc0e660d4ca8b7c6a0a35bb3988121dd6	
UploadFiles/xwzx/2022/7/202207010910537376.JPG	UploadFiles/xwzx/2022/7/202207010910537376.jpg	13021193	1121cfb69c0546faa93241f1c8d3b5a5d53da6d14f5b9bbca2d408bd8676f4f8	1121cfb69c0546faa93241f1c8d3b5a5d53da6d14f5b9bbca2d408bd8676f4f8	
UploadFiles/xwzx/2022/7/202207010910549265.JPG	UploadFiles/xwzx/2022/7/202207010910549265.jpg	14390930	b73cdb42778313748ff0a0fb56473cd86c06098d99bcdd6f0ea80c76a8c342b5	b73cdb42778313748ff0a0fb56473cd86c06098d99bcdd6f0ea80c76a8c342b5	
UploadFiles/xwzx/2022/7/202207010910556772.jpg	UploadFiles/xwzx/2022/7/202207010910556772.jpg	45037	f6d87a36b28137fec410ee9de0e92add70fa98f70cad9dc070b9a0da25163825	f6d87a36b28137fec410ee9de0e92add70fa98f70cad9dc070b9a0da25163825	
UploadFiles/xwzx/2022/7/202207010910575459.JPG	UploadFiles/xwzx/2022/7/202207010910575459.jpg	231117	ad2350ece4e9affc9d08495ce33beeff406af32001e4713e4b8fbb3fe8148768	ad2350ece4e9affc9d08495ce33beeff406af32001e4713e4b8fbb3fe8148768	
UploadFiles/xwzx/2022/7/202207010911028386.JPG	UploadFiles/xwzx/2022/7/202207010911028386.jpg	2018864	ff388b13d9024a538a0fb54ed3077053f22a54262e022c492675200e2ddab36d	ff388b13d9024a538a0fb54ed3077053f22a54262e022c492675200e2ddab36d	
UploadFiles/xwzx/2022/7/202207010911047238.JPG	UploadFiles/xwzx/2022/7/202207010911047238.jpg	179963	b1c6e99d939a52008f66745747e49b17d64a19dfcd72861a86f6ef1721ea0f55	b1c6e99d939a52008f66745747e49b17d64a19dfcd72861a86f6ef1721ea0f55	
UploadFiles/xwzx/2022/7/202207010911057563.JPG	UploadFiles/xwzx/2022/7/202207010911057563.jpg	2594366	3ba84b26a76f4d16b19c619443a4d8f1c8f8e4ecf43455b5b8d655d5e28b200b	3ba84b26a76f4d16b19c619443a4d8f1c8f8e4ecf43455b5b8d655d5e28b200b	
UploadFiles/xwzx/2022/7/202207010911074359.JPG	UploadFiles/xwzx/2022/7/202207010911074359.jpg	14264935	0dae51e343d2fa5a84ef3a6a2dff0eab507969b6d6e9f760ffeb6a9ab9fd4ae2	0dae51e343d2fa5a84ef3a6a2dff0eab507969b6d6e9f760ffeb6a9ab9fd4ae2	
UploadFiles/xwzx/2022/7/202207010911109765.JPG	UploadFiles/xwzx/2022/7/202207010911109765.jpg	6378707	c5b190479c9278b3a3eeca878536ac40df5a6935730e4862fa5f21559250cce8	c5b190479c9278b3a3eeca878536ac40df5a6935730e4862fa5f21559250cce8	
UploadFiles/xwzx/2022/7/202207040803484035.jpg	UploadFiles/xwzx/2022/7/202207040803484035.jpg	133007	ae47aefabc8d4117893f4674bb98316da6effe4c2f44b65fb77dc85e719d37d9	ae47aefabc8d4117893f4674bb98316da6effe4c2f44b65fb77dc85e719d37d9	
UploadFiles/xwzx/2022/7/202207040933165687.jpg	UploadFiles/xwzx/2022/7/202207040933165687.jpg	203620	e65eb294ffbdff025eb9a74b1e3b30a4e6322b87f5f37d936877b94255e5fe25	e65eb294ffbdff025eb9a74b1e3b30a4e6322b87f5f37d936877b94255e5fe25	
UploadFiles/xwzx/2022/7/202207040933244209.jpg	UploadFiles/xwzx/2022/7/202207040933244209.jpg	189847	c370b8f3f32c612c695fabd59dbad9a0008f3a0053fa17b1a17fade9fb42af35	c370b8f3f32c612c695fabd59dbad9a0008f3a0053fa17b1a17fade9fb42af35	
UploadFiles/xwzx/2022/7/202207040933308202.jpg	UploadFiles/xwzx/2022/7/202207040933308202.jpg	286938	3a9fd6fbf2aa924ab604dc54d97cf465b595c6ea475e392939e87273daf4e094	3a9fd6fbf2aa924ab604dc54d97cf465b595c6ea475e392939e87273daf4e094	
UploadFiles/xwzx/2022/7/202207040933364647.jpg	UploadFiles/xwzx/2022/7/202207040933364647.jpg	48355	1892b7720d6b489ed90cd5a8bc7cdb608f155b1d451be3263239f5dc84ee8016	1892b7720d6b489ed90cd5a8bc7cdb608f155b1d451be3263239f5dc84ee8016	
UploadFiles/xwzx/2022/7/202207041407584301.png	UploadFiles/xwzx/2022/7/202207041407584301.png	28439	abe6aadb4f74fba93c9f73abf48fc59096e990603fe9c0a2d78502c987038bda	abe6aadb4f74fba93c9f73abf48fc59096e990603fe9c0a2d78502c987038bda	
UploadFiles/xwzx/2022/7/202207041604589665.png	UploadFiles/xwzx/2022/7/202207041604589665.png	40732	fe3126eb1e5ffed3416ba5d308763cc1d5fe4c17be32791069d0605dd2332fbb	fe3126eb1e5ffed3416ba5d308763cc1d5fe4c17be32791069d0605dd2332fbb	
UploadFiles/xwzx/2022/7/202207041608582941.JPG	UploadFiles/xwzx/2022/7/202207041608582941.jpg	75237	0a856c727febcc5b90d5d2000f3be0a72e74f0771541917b7047ed5d24837844	0a856c727febcc5b90d5d2000f3be0a72e74f0771541917b7047ed5d24837844	
UploadFiles/xwzx/2022/7/202207061400358519.JPG	UploadFiles/xwzx/2022/7/202207061400358519.jpg	75237	0a856c727febcc5b90d5d2000f3be0a72e74f0771541917b7047ed5d24837844	0a856c727febcc5b90d5d2000f3be0a72e74f0771541917b7047ed5d24837844	
UploadFiles/xwzx/2022/7/202207071631288201.JPG	UploadFiles/xwzx/2022/7/202207071631288201.jpg	2848366	ea5063bbbb6f718ea01306b1a94b2e878aaa598bdf7ea3c2ec0a072035e278b7	ea5063bbbb6f718ea01306b1a94b2e878aaa598bdf7ea3c2ec0a072035e278b7	
UploadFiles/xwzx/2022/7/202207071631413709.JPG	UploadFiles/xwzx/2022/7/202207071631413709.jpg	13771443	211e752231248a1d0897409e427ce9c8cb92430884e323f888074289e3a136df	211e752231248a1d0897409e427ce9c8cb92430884e323f888074289e3a136df	
UploadFiles/xwzx/2022/7/202207071631418867.JPG	UploadFiles/xwzx/2022/7/202207071631418867.jpg	15652545	a38c98f503eef3d60d8a88abc6c502e71eeb8289893ad329785ce5bd051c33cc	a38c98f503eef3d60d8a88abc6c502e71eeb8289893ad329785ce5bd051c33cc	
UploadFiles/xwzx/2022/7/202207071631425753.JPG	UploadFiles/xwzx/2022/7/202207071631425753.jpg	13713799	03a9703090b43af8aaf93e39a43ee60f34ed3911faffe440ede1cf83fd5b2214	03a9703090b43af8aaf93e39a43ee60f34ed3911faffe440ede1cf83fd5b2214	
UploadFiles/xwzx/2022/7/202207071631538086.JPG	UploadFiles/xwzx/2022/7/202207071631538086.jpg	13905306	253af030fda5656b24980e42b8e91f538892ae78398a3865edca91f637e916cd	253af030fda5656b24980e42b8e91f538892ae78398a3865edca91f637e916cd	
UploadFiles/xwzx/2022/7/202207071632006108.JPG	UploadFiles/xwzx/2022/7/202207071632006108.jpg	14660579	6152ddce9c41859b2ddfdc9fb42f52a55e012bb0fdc87eaa597f3c50cf361bb7	6152ddce9c41859b2ddfdc9fb42f52a55e012bb0fdc87eaa597f3c50cf361bb7	
UploadFiles/xwzx/2022/7/202207071632026172.JPG	UploadFiles/xwzx/2022/7/202207071632026172.jpg	15129048	6fd1b204208eee926589451f43a620ea4fa7be7a00ce7a9672869b1898e88e73	6fd1b204208eee926589451f43a620ea4fa7be7a00ce7a9672869b1898e88e73	
UploadFiles/xwzx/2022/7/202207071632049123.JPG	UploadFiles/xwzx/2022/7/202207071632049123.jpg	16486665	0ca44ffc4d3c77782a5326ca0432c20eab48497849a505f33abaccd483c2a928	0ca44ffc4d3c77782a5326ca0432c20eab48497849a505f33abaccd483c2a928	
UploadFiles/xwzx/2022/7/202207071632088726.jpg	UploadFiles/xwzx/2022/7/202207071632088726.jpg	3116744	8b514d9c640d4985e2dcf1fee920a1bd5da896130ce76b475f7b634e5360a3ea	8b514d9c640d4985e2dcf1fee920a1bd5da896130ce76b475f7b634e5360a3ea	
UploadFiles/xwzx/2022/7/202207071632131224.jpg	UploadFiles/xwzx/2022/7/202207071632131224.jpg	4096436	9bf840e318aefae3da7440553d70332a2319cee60196c15fb0278deea233ce2f	9bf840e318aefae3da7440553d70332a2319cee60196c15fb0278deea233ce2f	
UploadFiles/xwzx/2022/7/202207071632166872.JPG	UploadFiles/xwzx/2022/7/202207071632166872.jpg	15990580	419c4e3a1b86ba77b0cbec058023da3ace4fedba7ea15d203ddd2521fdb8efef	419c4e3a1b86ba77b0cbec058023da3ace4fedba7ea15d203ddd2521fdb8efef	
UploadFiles/xwzx/2022/7/202207071632229260.JPG	UploadFiles/xwzx/2022/7/202207071632229260.jpg	19205635	b5f1ae60893a06f58355fc37efb53b54e7c38b1a1a75be261e7d81fe4de025fd	b5f1ae60893a06f58355fc37efb53b54e7c38b1a1a75be261e7d81fe4de025fd	
UploadFiles/xwzx/2022/7/202207091028041697.png	UploadFiles/xwzx/2022/7/202207091028041697.png	39628	6c862964f1a479f06fcb1c567d2dd9d18e17784e128e48b4d59cbc7489ade2a8	6c862964f1a479f06fcb1c567d2dd9d18e17784e128e48b4d59cbc7489ade2a8	
UploadFiles/xwzx/2022/7/202207091028098225.png	UploadFiles/xwzx/2022/7/202207091028098225.png	16563	023ff720f49533495e503cff01ad59c34797cd738379bc759a56e2b648eaf4fc	023ff720f49533495e503cff01ad59c34797cd738379bc759a56e2b648eaf4fc	
UploadFiles/xwzx/2022/7/202207101419590794.JPG	UploadFiles/xwzx/2022/7/202207101419590794.jpg	13601311	e8e61401b23844ce752a25653150629b2f00ee1342b05338af2352ac8b746d2b	e8e61401b23844ce752a25653150629b2f00ee1342b05338af2352ac8b746d2b	
UploadFiles/xwzx/2022/7/202207101419596261.JPG	UploadFiles/xwzx/2022/7/202207101419596261.jpg	13609607	38784784a721dce6ee22cfe02319ccd2fb01e8ab06265cea64fe3d3cfc17abd5	38784784a721dce6ee22cfe02319ccd2fb01e8ab06265cea64fe3d3cfc17abd5	
UploadFiles/xwzx/2022/7/202207101420016044.JPG	UploadFiles/xwzx/2022/7/202207101420016044.jpg	15030706	2f3d2ce7f6aca6017a7021d039a7cbc391539967d131458acf50730b73f8076c	2f3d2ce7f6aca6017a7021d039a7cbc391539967d131458acf50730b73f8076c	
UploadFiles/xwzx/2022/7/202207101420021746.jpg	UploadFiles/xwzx/2022/7/202207101420021746.jpg	4337760	61885990519ed196794d9faf00aeb39e3ffc2e8e45a007e5acf81303f8c96565	61885990519ed196794d9faf00aeb39e3ffc2e8e45a007e5acf81303f8c96565	
UploadFiles/xwzx/2022/7/202207101422353381.jpg	UploadFiles/xwzx/2022/7/202207101422353381.jpg	3976842	3a28a0ed81650b247528be7d286fcef19a0750153db3cb7e0af66c15e92dfb9a	3a28a0ed81650b247528be7d286fcef19a0750153db3cb7e0af66c15e92dfb9a	
UploadFiles/xwzx/2022/7/202207101422399093.jpg	UploadFiles/xwzx/2022/7/202207101422399093.jpg	4497823	6e951a4e2a169415a634dae460b31db3e1d8e8d6a3f89178cb18a72ba766b6d3	6e951a4e2a169415a634dae460b31db3e1d8e8d6a3f89178cb18a72ba766b6d3	
UploadFiles/xwzx/2022/7/202207101422413427.jpg	UploadFiles/xwzx/2022/7/202207101422413427.jpg	3991160	2f852ca9d78f1c51df0fc2e713aec29f70fc658a95f17632502f8a055dd52284	2f852ca9d78f1c51df0fc2e713aec29f70fc658a95f17632502f8a055dd52284	
UploadFiles/xwzx/2022/7/202207101422415097.jpg	UploadFiles/xwzx/2022/7/202207101422415097.jpg	4548158	f6ac165b219454bedf7ee2dcc4c6e9480fe0b6527292388a404e9099e3e27928	f6ac165b219454bedf7ee2dcc4c6e9480fe0b6527292388a404e9099e3e27928	
UploadFiles/xwzx/2022/7/202207101441124236.JPG	UploadFiles/xwzx/2022/7/202207101441124236.jpg	164855	8eae4d31688b3ad65daa873a21c55e54e00d3d35c254a9473f200a3d50846f64	8eae4d31688b3ad65daa873a21c55e54e00d3d35c254a9473f200a3d50846f64	
UploadFiles/xwzx/2022/7/202207101441124251.JPG	UploadFiles/xwzx/2022/7/202207101441124251.jpg	224345	f170b0d35daf211bef4b83d4940bb3e5689a2827e96c14d33082ae45c263664d	f170b0d35daf211bef4b83d4940bb3e5689a2827e96c14d33082ae45c263664d	
UploadFiles/xwzx/2022/7/202207101441124680.JPG	UploadFiles/xwzx/2022/7/202207101441124680.jpg	187078	1772f5ce3a2b9429d39f273bf141dd264af629b9b13a772eda2d3a9021d65e03	1772f5ce3a2b9429d39f273bf141dd264af629b9b13a772eda2d3a9021d65e03	
UploadFiles/xwzx/2022/7/202207101441124967.JPG	UploadFiles/xwzx/2022/7/202207101441124967.jpg	223774	d31b859f94c03ac91a57c42b7811d8db00aec9cac5cfed84335435e088a7b17b	d31b859f94c03ac91a57c42b7811d8db00aec9cac5cfed84335435e088a7b17b	
UploadFiles/xwzx/2022/7/202207101441131414.JPG	UploadFiles/xwzx/2022/7/202207101441131414.jpg	174891	7fd46df29629ae3024bed5843b8e2b95c075297f6507a4a9239ec7aa8eee73c8	7fd46df29629ae3024bed5843b8e2b95c075297f6507a4a9239ec7aa8eee73c8	
UploadFiles/xwzx/2022/7/202207101441134569.JPG	UploadFiles/xwzx/2022/7/202207101441134569.jpg	133271	db0ea64354b19494900e00cb4f4edee901d610287887d0ce7beb3ef3d040de22	db0ea64354b19494900e00cb4f4edee901d610287887d0ce7beb3ef3d040de22	
UploadFiles/xwzx/2022/7/202207101441138502.JPG	UploadFiles/xwzx/2022/7/202207101441138502.jpg	244695	d886a7b66c2b07c3fa988bb4061285c08772af200e0b40ddf5910846a9060f2f	d886a7b66c2b07c3fa988bb4061285c08772af200e0b40ddf5910846a9060f2f	
UploadFiles/xwzx/2022/7/202207101512578813.png	UploadFiles/xwzx/2022/7/202207101512578813.png	108342	91c6658149508908b1b3ca1a72b5fdac2092078f314f1dbb9cddfaaf33c6bc7c	91c6658149508908b1b3ca1a72b5fdac2092078f314f1dbb9cddfaaf33c6bc7c	
UploadFiles/xwzx/2022/8/202208151643096249.jpg	UploadFiles/xwzx/2022/8/202208151643096249.jpg	14389	f0623d6995c533e26c1749d93978b6a70c7803f3b8d50cc4898352e2de4541a5	f0623d6995c533e26c1749d93978b6a70c7803f3b8d50cc4898352e2de4541a5	
UploadFiles/xwzx/2022/8/202208160855113787.jpg	UploadFiles/xwzx/2022/8/202208160855113787.jpg	144735	800910de005b64b941da06c32db19c2243c86fc9cc7e4124a51ca02fcd5e71bf	800910de005b64b941da06c32db19c2243c86fc9cc7e4124a51ca02fcd5e71bf	
UploadFiles/xwzx/2022/8/202208240811476496.JPG	UploadFiles/xwzx/2022/8/202208240811476496.jpg	75223	9188b0781c894657896784b04335a1d10b580c12d162ec97d567ac821ed514fe	9188b0781c894657896784b04335a1d10b580c12d162ec97d567ac821ed514fe	
UploadFiles/xwzx/2022/8/202208240910580997.JPG	UploadFiles/xwzx/2022/8/202208240910580997.jpg	13111892	0cd53be1bcbf1ad852a2787289d3c82a2b7ec52160cf0d4127d9488c49920c00	0cd53be1bcbf1ad852a2787289d3c82a2b7ec52160cf0d4127d9488c49920c00	
UploadFiles/xwzx/2022/8/202208240911176339.JPG	UploadFiles/xwzx/2022/8/202208240911176339.jpg	14814076	cd2a91fcbd91e02c23b9d6d2b2a1a4093777c7a50aab5ffdf57b550a6f03b983	cd2a91fcbd91e02c23b9d6d2b2a1a4093777c7a50aab5ffdf57b550a6f03b983	
UploadFiles/xwzx/2022/8/202208240911183237.JPG	UploadFiles/xwzx/2022/8/202208240911183237.jpg	15191303	a41ed902b2f443ca4c4d94a535743f78e3c75fd1d87f3846dbf372130e29e6e2	a41ed902b2f443ca4c4d94a535743f78e3c75fd1d87f3846dbf372130e29e6e2	
UploadFiles/xwzx/2022/8/202208240911393270.JPG	UploadFiles/xwzx/2022/8/202208240911393270.jpg	14516489	0346c9de59f2ffd7a6aba243d828fa10fca39ea6831d479e914aeb735e5507b1	0346c9de59f2ffd7a6aba243d828fa10fca39ea6831d479e914aeb735e5507b1	
UploadFiles/xwzx/2022/8/202208240911543418.JPG	UploadFiles/xwzx/2022/8/202208240911543418.jpg	15795012	88f493dd8846dc8501b1c5f9e11a7664a34431391144c639a898f156e2f2e505	88f493dd8846dc8501b1c5f9e11a7664a34431391144c639a898f156e2f2e505	
UploadFiles/xwzx/2022/8/202208240912072218.JPG	UploadFiles/xwzx/2022/8/202208240912072218.jpg	15137386	7c8f2c3c7688a5ed55a5a725081dc278bd4b40fa75968261e58ebcd0cff75d49	7c8f2c3c7688a5ed55a5a725081dc278bd4b40fa75968261e58ebcd0cff75d49	
UploadFiles/xwzx/2022/8/202208240912082587.JPG	UploadFiles/xwzx/2022/8/202208240912082587.jpg	13544767	0cac6549f4a7537799035981ea10995986eb78f006f24859ac086da268b9557a	0cac6549f4a7537799035981ea10995986eb78f006f24859ac086da268b9557a	
UploadFiles/xwzx/2022/8/202208240913588162.png	UploadFiles/xwzx/2022/8/202208240913588162.png	748833	ab30a1644476a90ab7ff57f1a0a03bb4dee040ee99d618671adb70ed22051d3a	ab30a1644476a90ab7ff57f1a0a03bb4dee040ee99d618671adb70ed22051d3a	
UploadFiles/xwzx/2022/8/202208240914596012.png	UploadFiles/xwzx/2022/8/202208240914596012.png	3900433	cb30ee8df32a1451331d9aba3726f4996d6e7990517e7469ea03ba67a6e31308	cb30ee8df32a1451331d9aba3726f4996d6e7990517e7469ea03ba67a6e31308	
UploadFiles/xwzx/2022/8/202208240915480213.jpg	UploadFiles/xwzx/2022/8/202208240915480213.jpg	159141	6a96d4998f4675426c56635c9f2a6a814c81eaffe28af19d8840bfcf13029d1b	6a96d4998f4675426c56635c9f2a6a814c81eaffe28af19d8840bfcf13029d1b	
UploadFiles/xwzx/2022/8/202208240915481324.jpg	UploadFiles/xwzx/2022/8/202208240915481324.jpg	188963	634e141a90d60329844d18fbc3e8ab80d584f7a39ea0ce774f6a79205e0c5444	634e141a90d60329844d18fbc3e8ab80d584f7a39ea0ce774f6a79205e0c5444	
UploadFiles/xwzx/2022/8/202208240915481757.jpg	UploadFiles/xwzx/2022/8/202208240915481757.jpg	358113	d4ef5e8f5c186d806db4052c2b5aedf74f1dd2dc87fca7bf639b58876da0ddc4	d4ef5e8f5c186d806db4052c2b5aedf74f1dd2dc87fca7bf639b58876da0ddc4	
UploadFiles/xwzx/2022/8/202208240915484101.jpg	UploadFiles/xwzx/2022/8/202208240915484101.jpg	168324	5d0229a3c2865a41d7fac5be3800ba58f128ebcaaec0ce491f5d7c39516d3e60	5d0229a3c2865a41d7fac5be3800ba58f128ebcaaec0ce491f5d7c39516d3e60	
UploadFiles/xwzx/2022/8/202208240915484883.jpg	UploadFiles/xwzx/2022/8/202208240915484883.jpg	149242	e24df4a9d6c49c56e964fe0a8ea660527a98b4c57ea70f95b7cccd9045ae71d8	e24df4a9d6c49c56e964fe0a8ea660527a98b4c57ea70f95b7cccd9045ae71d8	
UploadFiles/xwzx/2022/8/202208240915485021.jpg	UploadFiles/xwzx/2022/8/202208240915485021.jpg	172025	798b051bea35b2a0ae9881aab98862e6a48d88337b8a6b8d0d36fef582b8852c	798b051bea35b2a0ae9881aab98862e6a48d88337b8a6b8d0d36fef582b8852c	
UploadFiles/xwzx/2022/8/202208240915487053.jpg	UploadFiles/xwzx/2022/8/202208240915487053.jpg	161507	83185c49b831985653532a86e0169a570e758e3e5b2d3accf97fbaf07a7ff7dc	83185c49b831985653532a86e0169a570e758e3e5b2d3accf97fbaf07a7ff7dc	
UploadFiles/xwzx/2022/8/202208240915488277.jpg	UploadFiles/xwzx/2022/8/202208240915488277.jpg	151037	2009400732044f0b52a146888fefc1f19858ec5f9beea3b21e49536f93efc73e	2009400732044f0b52a146888fefc1f19858ec5f9beea3b21e49536f93efc73e	
UploadFiles/xwzx/2022/8/202208240915489828.jpg	UploadFiles/xwzx/2022/8/202208240915489828.jpg	173682	1e665bb8772ba32f1317b1e237fa8e8a1025718157fcc20f48243bd5da69444f	1e665bb8772ba32f1317b1e237fa8e8a1025718157fcc20f48243bd5da69444f	
UploadFiles/xwzx/2022/8/202208240915490371.jpg	UploadFiles/xwzx/2022/8/202208240915490371.jpg	414892	3224e8715b4f5db5ded1a58c879195c335c371d7a2c0fc6c1b2fc8c7d1804029	3224e8715b4f5db5ded1a58c879195c335c371d7a2c0fc6c1b2fc8c7d1804029	
UploadFiles/xwzx/2022/8/202208240915490800.jpg	UploadFiles/xwzx/2022/8/202208240915490800.jpg	356099	d4151387c6b67c81b5ccb48c931078bb1b4a7b5ec0e45ff51ae98509c75f8fa1	d4151387c6b67c81b5ccb48c931078bb1b4a7b5ec0e45ff51ae98509c75f8fa1	
UploadFiles/xwzx/2022/8/202208240915500136.jpg	UploadFiles/xwzx/2022/8/202208240915500136.jpg	1245272	ad85c2c800f99c6cb44096fba7714fa005aa7aecfa359b72f5b0a589dc7baf2e	ad85c2c800f99c6cb44096fba7714fa005aa7aecfa359b72f5b0a589dc7baf2e	
UploadFiles/xwzx/2022/8/202208240915506012.jpg	UploadFiles/xwzx/2022/8/202208240915506012.jpg	441670	747a10b652392e9800897b0c2d49af967ad2f55088a89feb256448b4e9e32d9a	747a10b652392e9800897b0c2d49af967ad2f55088a89feb256448b4e9e32d9a	
UploadFiles/xwzx/2022/8/202208240916428188.jpg	UploadFiles/xwzx/2022/8/202208240916428188.jpg	1186245	d471eaf4b5debc25a98ea3fdad1b2544beb0fee8c6537917c29b76a97bc8c9cf	d471eaf4b5debc25a98ea3fdad1b2544beb0fee8c6537917c29b76a97bc8c9cf	
UploadFiles/xwzx/2022/8/202208240916431927.jpg	UploadFiles/xwzx/2022/8/202208240916431927.jpg	1179683	e492787903a186c249666f91be1a39064924dd7fd5b14d159a5123ab40567db6	e492787903a186c249666f91be1a39064924dd7fd5b14d159a5123ab40567db6	
UploadFiles/xwzx/2022/8/202208240916483121.JPG	UploadFiles/xwzx/2022/8/202208240916483121.jpg	4998812	cf71c9fbb00c2a9aff029170349526b649191a46197e1f01b34260df8ad9a316	cf71c9fbb00c2a9aff029170349526b649191a46197e1f01b34260df8ad9a316	
UploadFiles/xwzx/2022/8/202208240916492000.jpg	UploadFiles/xwzx/2022/8/202208240916492000.jpg	5845013	b80918d7aad2d74022dfb852054e8fc9575733c761adabafe31d802c71393718	b80918d7aad2d74022dfb852054e8fc9575733c761adabafe31d802c71393718	
UploadFiles/xwzx/2022/8/202208240917047111.jpg	UploadFiles/xwzx/2022/8/202208240917047111.jpg	1162591	a1cc02036d9f46af3efd33b47cdc322ff807d2feb4595d2f8376ad817a8d711a	a1cc02036d9f46af3efd33b47cdc322ff807d2feb4595d2f8376ad817a8d711a	
UploadFiles/xwzx/2022/8/202208240917072933.jpg	UploadFiles/xwzx/2022/8/202208240917072933.jpg	3012929	db9d97e594b834c41d3c9d069a8d8cba55bede0b21db17804401a29151b2b2d0	db9d97e594b834c41d3c9d069a8d8cba55bede0b21db17804401a29151b2b2d0	
UploadFiles/xwzx/2022/8/202208240917088420.jpg	UploadFiles/xwzx/2022/8/202208240917088420.jpg	2158839	109a30cfb107ff482511d1c0b05b53b6a335b411c0d143cd005ca5ec2e390934	109a30cfb107ff482511d1c0b05b53b6a335b411c0d143cd005ca5ec2e390934	
UploadFiles/xwzx/2022/8/202208240917124561.jpg	UploadFiles/xwzx/2022/8/202208240917124561.jpg	5974440	753ecb1579e4efd2a8dd43b36ea6a15bf6d309d655c388ed8000ca80eb20d1e1	753ecb1579e4efd2a8dd43b36ea6a15bf6d309d655c388ed8000ca80eb20d1e1	
UploadFiles/xwzx/2022/8/202208240919197507.png	UploadFiles/xwzx/2022/8/202208240919197507.png	110357	2fc72754356f7d2bdeb67c22d60afc3e076b238de33058afa4dce2bf419b8d2d	2fc72754356f7d2bdeb67c22d60afc3e076b238de33058afa4dce2bf419b8d2d	
UploadFiles/xwzx/2022/8/202208240920347227.jpg	UploadFiles/xwzx/2022/8/202208240920347227.jpg	395440	a504ea1381403c23699e0032f523266078e142bc4f6950653155e4453f65c591	a504ea1381403c23699e0032f523266078e142bc4f6950653155e4453f65c591	
UploadFiles/xwzx/2022/8/202208241656590391.png	UploadFiles/xwzx/2022/8/202208241656590391.png	51729	347fd92a1645488a620c4f41e49746d128b7dc41b06493a616a0b556f934d13b	347fd92a1645488a620c4f41e49746d128b7dc41b06493a616a0b556f934d13b	
UploadFiles/xwzx/2022/8/202208251230008437.jpg	UploadFiles/xwzx/2022/8/202208251230008437.jpg	224878	2d2022e4e0915bc2d4508db27acfcde53bb8823ae08648e1431d71cb30969e31	2d2022e4e0915bc2d4508db27acfcde53bb8823ae08648e1431d71cb30969e31	
UploadFiles/xwzx/2022/8/202208260948026879.png	UploadFiles/xwzx/2022/8/202208260948026879.png	1106045	2311f45e38b1be440be6ffd6d6235d0f4a33f7a2f3f8f5dc127c571e7dad3406	2311f45e38b1be440be6ffd6d6235d0f4a33f7a2f3f8f5dc127c571e7dad3406	
UploadFiles/xwzx/2022/8/202208281405068292.png	UploadFiles/xwzx/2022/8/202208281405068292.png	17902	4da573cad30c50a20209da84bbc7e7ee8278c24c512c6c962dd5932ede8eb7a4	4da573cad30c50a20209da84bbc7e7ee8278c24c512c6c962dd5932ede8eb7a4	
UploadFiles/xwzx/2022/8/202208291050008524.jpg	UploadFiles/xwzx/2022/8/202208291050008524.jpg	3068650	25520a6fa3ba1b5b2aa60328d605d5e3cdbb25ba7e9d72895f9bcfc7dd290b46	25520a6fa3ba1b5b2aa60328d605d5e3cdbb25ba7e9d72895f9bcfc7dd290b46	
UploadFiles/xwzx/2022/8/202208291109131717.png	UploadFiles/xwzx/2022/8/202208291109131717.png	18419	8fbb1f529e69773fac142605cf1ac9e999eba3ddda00ed96888c207184a220e9	8fbb1f529e69773fac142605cf1ac9e999eba3ddda00ed96888c207184a220e9	
UploadFiles/xwzx/2022/8/202208291110257708.png	UploadFiles/xwzx/2022/8/202208291110257708.png	18251	83bfde1a59ce7625356abb1f7c70f45d9dade50a9c0ccd12117b097335052a01	83bfde1a59ce7625356abb1f7c70f45d9dade50a9c0ccd12117b097335052a01	
UploadFiles/xwzx/2022/8/202208291110257844.png	UploadFiles/xwzx/2022/8/202208291110257844.png	17323	5fb3e96fcabd847ce2496c344de93b2a9eb8fdaef51e3670b6ced65a191427bb	5fb3e96fcabd847ce2496c344de93b2a9eb8fdaef51e3670b6ced65a191427bb	
UploadFiles/xwzx/2022/8/202208291256166184.JPG	UploadFiles/xwzx/2022/8/202208291256166184.jpg	139923	9f250593ede7f7e43422be2f4a4d875b7b4b0cbbd3ad4a4185cbc429da32f437	9f250593ede7f7e43422be2f4a4d875b7b4b0cbbd3ad4a4185cbc429da32f437	
UploadFiles/xwzx/2022/8/202208301655558048.JPG	UploadFiles/xwzx/2022/8/202208301655558048.jpg	225106	6498eb0f95b557f648e32729c30b03d342db790123ce2214b384e479f45dea08	6498eb0f95b557f648e32729c30b03d342db790123ce2214b384e479f45dea08	
UploadFiles/xwzx/2022/8/202208310908358292.png	UploadFiles/xwzx/2022/8/202208310908358292.png	81781	99cb292a3ea8a0df97618bc3fb720b2ec179a952e1d161243468e5a42e6cd496	99cb292a3ea8a0df97618bc3fb720b2ec179a952e1d161243468e5a42e6cd496	
UploadFiles/xwzx/2022/8/202208311621363369.jpg	UploadFiles/xwzx/2022/8/202208311621363369.jpg	19026	a4d7cecee0cc3219bf5f037215266b5e581cae0a5622f5a547bc0fc1aa0f70a2	a4d7cecee0cc3219bf5f037215266b5e581cae0a5622f5a547bc0fc1aa0f70a2	
UploadFiles/xwzx/2022/8/202208311622339801.jpg	UploadFiles/xwzx/2022/8/202208311622339801.jpg	96349	fbc2827691076c67d326266a58a92fab0c948e3a5bfe27937f5a0f9f18de9523	fbc2827691076c67d326266a58a92fab0c948e3a5bfe27937f5a0f9f18de9523	
UploadFiles/xwzx/2022/8/202208311622549600.jpg	UploadFiles/xwzx/2022/8/202208311622549600.jpg	93091	4bae9f2884e4b5b6564a4db9dbbbc32dfbc32ac488ac2cf4bf5f9848c5ba6f3b	4bae9f2884e4b5b6564a4db9dbbbc32dfbc32ac488ac2cf4bf5f9848c5ba6f3b	
UploadFiles/xwzx/2022/8/202208311623054778.jpg	UploadFiles/xwzx/2022/8/202208311623054778.jpg	177494	595df98077193a810cb6f862efec5c8dfa1a3444e0b3680af5298ab00536ac62	595df98077193a810cb6f862efec5c8dfa1a3444e0b3680af5298ab00536ac62	
UploadFiles/xwzx/2022/8/202208311623305952.jpg	UploadFiles/xwzx/2022/8/202208311623305952.jpg	52569	d2b9688891d209fb34c638cdfb136561d259661aeacc2f719599b9faf50135ab	d2b9688891d209fb34c638cdfb136561d259661aeacc2f719599b9faf50135ab	
UploadFiles/xwzx/2022/8/202208311623432435.jpg	UploadFiles/xwzx/2022/8/202208311623432435.jpg	140910	90ee6a5117856ca3219e0dfdd508c68641fbff1f407955be548a16f2653b12bd	90ee6a5117856ca3219e0dfdd508c68641fbff1f407955be548a16f2653b12bd	
UploadFiles/xwzx/2022/8/202208311624093479.jpg	UploadFiles/xwzx/2022/8/202208311624093479.jpg	203461	927903ddc20724ec7162afcf064b1d65593dfd63134bd1f8d23bdcfa7bcd83f6	927903ddc20724ec7162afcf064b1d65593dfd63134bd1f8d23bdcfa7bcd83f6	
UploadFiles/xwzx/2022/8/202208311624097123.jpg	UploadFiles/xwzx/2022/8/202208311624097123.jpg	299901	5d61b64a2c7a4ba212fc6f58197fae3bbaa6deda5afb200baa8199340a433fd8	5d61b64a2c7a4ba212fc6f58197fae3bbaa6deda5afb200baa8199340a433fd8	
UploadFiles/xwzx/2022/9/202209010826166437.jpg	UploadFiles/xwzx/2022/9/202209010826166437.jpg	4159592	57191748752829d813af06cd6c18f4e2b7f70bc6b51f1aebf7b8997afee054e0	57191748752829d813af06cd6c18f4e2b7f70bc6b51f1aebf7b8997afee054e0	
UploadFiles/xwzx/2022/9/202209011652327999.jpg	UploadFiles/xwzx/2022/9/202209011652327999.jpg	421849	9b04cdd2188e181a4fdc380609f857a4c60101a20fb6553ce8ed4a0e26ed575c	9b04cdd2188e181a4fdc380609f857a4c60101a20fb6553ce8ed4a0e26ed575c	
UploadFiles/xwzx/2022/9/202209011652362418.jpg	UploadFiles/xwzx/2022/9/202209011652362418.jpg	604703	b2b5be382f53136ecefdc138119de021ca0fe35558e1d485a6e13993661fde06	b2b5be382f53136ecefdc138119de021ca0fe35558e1d485a6e13993661fde06	
UploadFiles/xwzx/2022/9/202209011654115268.jpg	UploadFiles/xwzx/2022/9/202209011654115268.jpg	613358	2e5b7270e7b5d862a823f87ddb13071593c02d9be6106d3c3ece18c8a2c3b640	2e5b7270e7b5d862a823f87ddb13071593c02d9be6106d3c3ece18c8a2c3b640	
UploadFiles/xwzx/2022/9/202209020901012311.JPG	UploadFiles/xwzx/2022/9/202209020901012311.jpg	16222867	ec03a7211fb6696f415637ebe03a01a95d7d2cff7fe6aa104f7a1c321756d794	ec03a7211fb6696f415637ebe03a01a95d7d2cff7fe6aa104f7a1c321756d794	
UploadFiles/xwzx/2022/9/202209020901012370.JPG	UploadFiles/xwzx/2022/9/202209020901012370.jpg	14125072	807d6ebcdda26d234468b911f4d5a3a67e574bfb0db286b364db5c6ea0df9320	807d6ebcdda26d234468b911f4d5a3a67e574bfb0db286b364db5c6ea0df9320	
UploadFiles/xwzx/2022/9/202209020901073003.JPG	UploadFiles/xwzx/2022/9/202209020901073003.jpg	14600180	75fd4637d9d913d16920bdca9b57b64a5f926fcf19a93ac1f998638a2d6577ab	75fd4637d9d913d16920bdca9b57b64a5f926fcf19a93ac1f998638a2d6577ab	
UploadFiles/xwzx/2022/9/202209020901100629.JPG	UploadFiles/xwzx/2022/9/202209020901100629.jpg	14410980	f9ed47e2418ce994c81e222254c3d3eb8da08cae727c6291016dc17403062a48	f9ed47e2418ce994c81e222254c3d3eb8da08cae727c6291016dc17403062a48	
UploadFiles/xwzx/2022/9/202209020901129876.JPG	UploadFiles/xwzx/2022/9/202209020901129876.jpg	15777921	1869de933897c05c8415fb25bb724f8a41dce7b341ffaf311a87400840c07521	1869de933897c05c8415fb25bb724f8a41dce7b341ffaf311a87400840c07521	
UploadFiles/xwzx/2022/9/202209020901173744.JPG	UploadFiles/xwzx/2022/9/202209020901173744.jpg	14520412	0b1268a2f4c4663455d7cbc4563078c2cf971deb5f9077e96b2f3f6f2d560787	0b1268a2f4c4663455d7cbc4563078c2cf971deb5f9077e96b2f3f6f2d560787	
UploadFiles/xwzx/2022/9/202209020901222510.JPG	UploadFiles/xwzx/2022/9/202209020901222510.jpg	14992506	797421df6d9a63a4d4cee523ee1b19473d001d565a923e73d034135ee6fae5ea	797421df6d9a63a4d4cee523ee1b19473d001d565a923e73d034135ee6fae5ea	
UploadFiles/xwzx/2022/9/202209020901256174.JPG	UploadFiles/xwzx/2022/9/202209020901256174.jpg	15921039	d8c1e290b3bd20aed6e8fd97aefd364cb7f921de09b5624b3695f8547758a83e	d8c1e290b3bd20aed6e8fd97aefd364cb7f921de09b5624b3695f8547758a83e	
UploadFiles/xwzx/2022/9/202209020901267516.JPG	UploadFiles/xwzx/2022/9/202209020901267516.jpg	14218393	07af9dec16da9e1004ae9cf9edac690bc43b2df27bec2d599eefe3ccebe5c786	07af9dec16da9e1004ae9cf9edac690bc43b2df27bec2d599eefe3ccebe5c786	
UploadFiles/xwzx/2022/9/202209020901341353.JPG	UploadFiles/xwzx/2022/9/202209020901341353.jpg	14114837	eef61f5f77236509164abd7e4838e142a00fae201b1e95d04e3f8422075debb1	eef61f5f77236509164abd7e4838e142a00fae201b1e95d04e3f8422075debb1	
UploadFiles/xwzx/2022/9/202209020901394636.JPG	UploadFiles/xwzx/2022/9/202209020901394636.jpg	16508638	78cf40f8a714c110e51e0a4bcd734e13eb542dca16af929bc82a59fefdadda29	78cf40f8a714c110e51e0a4bcd734e13eb542dca16af929bc82a59fefdadda29	
UploadFiles/xwzx/2022/9/202209020901437014.JPG	UploadFiles/xwzx/2022/9/202209020901437014.jpg	16182978	1c91836bdace87e7ebbf6fcac9b8b1a00d02b36c314db537e52f628379732cdb	1c91836bdace87e7ebbf6fcac9b8b1a00d02b36c314db537e52f628379732cdb	
UploadFiles/xwzx/2022/9/202209020901476240.JPG	UploadFiles/xwzx/2022/9/202209020901476240.jpg	16302971	57c3f1b3e0dd53ecf6ac664f19f3392de0b3819bfba9f56eb304bc290fc3864d	57c3f1b3e0dd53ecf6ac664f19f3392de0b3819bfba9f56eb304bc290fc3864d	
UploadFiles/xwzx/2022/9/202209020901506194.JPG	UploadFiles/xwzx/2022/9/202209020901506194.jpg	16300293	f899a05b4ae9fa4a621fbc913c5743bf6d79530c7b538b921d5047a4a4a12a3a	f899a05b4ae9fa4a621fbc913c5743bf6d79530c7b538b921d5047a4a4a12a3a	
UploadFiles/xwzx/2022/9/202209020901548276.JPG	UploadFiles/xwzx/2022/9/202209020901548276.jpg	16313930	04eb284d36f11b450ae6e191ae27beb1f55ada905a8525c4306c14f483c387d2	04eb284d36f11b450ae6e191ae27beb1f55ada905a8525c4306c14f483c387d2	
UploadFiles/xwzx/2022/9/202209020901551052.JPG	UploadFiles/xwzx/2022/9/202209020901551052.jpg	14224782	27f78ebf8e82b39de239fb49d29c7a6d21b303e6f8b20366c0933d8a06028206	27f78ebf8e82b39de239fb49d29c7a6d21b303e6f8b20366c0933d8a06028206	
UploadFiles/xwzx/2022/9/202209020902003564.JPG	UploadFiles/xwzx/2022/9/202209020902003564.jpg	16191376	8f7d0e5f1e9d2741c78ce331ba4bdfcbeb69a9b30adc1771bae2aec98ee7a2f5	8f7d0e5f1e9d2741c78ce331ba4bdfcbeb69a9b30adc1771bae2aec98ee7a2f5	
UploadFiles/xwzx/2022/9/202209020902015585.JPG	UploadFiles/xwzx/2022/9/202209020902015585.jpg	16210223	25cec9cd767c60eeca3998741ef4066e61f16e9e066956506080a850ecd1aae8	25cec9cd767c60eeca3998741ef4066e61f16e9e066956506080a850ecd1aae8	
UploadFiles/xwzx/2022/9/202209020902052316.JPG	UploadFiles/xwzx/2022/9/202209020902052316.jpg	16005088	f34c6065a57cd3ec6a29c66717edee4d1f699be95681a252a86f6bd7c77898fc	f34c6065a57cd3ec6a29c66717edee4d1f699be95681a252a86f6bd7c77898fc	
UploadFiles/xwzx/2022/9/202209020902103872.JPG	UploadFiles/xwzx/2022/9/202209020902103872.jpg	15586376	8a4882e38522152d85a064bb9bf612eb3d13ba404dfe9eed007e3cc3b6581a61	8a4882e38522152d85a064bb9bf612eb3d13ba404dfe9eed007e3cc3b6581a61	
UploadFiles/xwzx/2022/9/202209020902114744.JPG	UploadFiles/xwzx/2022/9/202209020902114744.jpg	16338091	06d78288216d3b415440a6e02d60c3277ba32b8ab0f72cb01746139c1fbf4108	06d78288216d3b415440a6e02d60c3277ba32b8ab0f72cb01746139c1fbf4108	
UploadFiles/xwzx/2022/9/202209020902136785.JPG	UploadFiles/xwzx/2022/9/202209020902136785.jpg	15736580	10e5d65e3a68b2b3e54d74e771d78a10ff0296da721920ac7a456cb546c60624	10e5d65e3a68b2b3e54d74e771d78a10ff0296da721920ac7a456cb546c60624	
UploadFiles/xwzx/2022/9/202209020907466688.JPG	UploadFiles/xwzx/2022/9/202209020907466688.jpg	8316652	5995078b44fcf116a7315dbf53e120376b73259f11a4b85b32abd0c1bfc8b5d8	5995078b44fcf116a7315dbf53e120376b73259f11a4b85b32abd0c1bfc8b5d8	
UploadFiles/xwzx/2022/9/202209020907470309.jpg	UploadFiles/xwzx/2022/9/202209020907470309.jpg	376864	67d01a976d339b26c51d406f1c8163f265d27fc7572a96c4b4944ce25aa7ca18	67d01a976d339b26c51d406f1c8163f265d27fc7572a96c4b4944ce25aa7ca18	
UploadFiles/xwzx/2022/9/202209020907471121.jpg	UploadFiles/xwzx/2022/9/202209020907471121.jpg	329230	64046112b45f6a16c3dfede73a352ad21ba408acb1d37e2b24061a843f2caa64	64046112b45f6a16c3dfede73a352ad21ba408acb1d37e2b24061a843f2caa64	
UploadFiles/xwzx/2022/9/202209020907473872.jpg	UploadFiles/xwzx/2022/9/202209020907473872.jpg	423920	09580da7771eda019191b2fbeeac63e818c0ab61df3017916939fa1666122193	09580da7771eda019191b2fbeeac63e818c0ab61df3017916939fa1666122193	
UploadFiles/xwzx/2022/9/202209020907474690.jpg	UploadFiles/xwzx/2022/9/202209020907474690.jpg	234994	60a522044dc4e1cc20a2fd99381515e10e0069c703ee283659e29354ea9345dd	60a522044dc4e1cc20a2fd99381515e10e0069c703ee283659e29354ea9345dd	
UploadFiles/xwzx/2022/9/202209020907475055.jpg	UploadFiles/xwzx/2022/9/202209020907475055.jpg	319930	47909c15e6ff71e4442286ff5ab431bc0d0187a12e71982ec61ca61b38d24450	47909c15e6ff71e4442286ff5ab431bc0d0187a12e71982ec61ca61b38d24450	
UploadFiles/xwzx/2022/9/202209020907475523.jpg	UploadFiles/xwzx/2022/9/202209020907475523.jpg	409623	8f8f70376f94107441f4f2ab0cc1092239f4dcf090a9a9e98a57cbd5b35291c8	8f8f70376f94107441f4f2ab0cc1092239f4dcf090a9a9e98a57cbd5b35291c8	
UploadFiles/xwzx/2022/9/202209020907475824.JPG	UploadFiles/xwzx/2022/9/202209020907475824.jpg	11175161	d4ce43c3cedbae084b44f9ae7e1e72d61d1f35f5116c18e336cae8b8db806895	d4ce43c3cedbae084b44f9ae7e1e72d61d1f35f5116c18e336cae8b8db806895	
UploadFiles/xwzx/2022/9/202209020907481642.jpg	UploadFiles/xwzx/2022/9/202209020907481642.jpg	430891	d7dac8ca0d2c3f2d606143b65a2cd6b45133c19089f96242ba546b812fb65dc3	d7dac8ca0d2c3f2d606143b65a2cd6b45133c19089f96242ba546b812fb65dc3	
UploadFiles/xwzx/2022/9/202209020907485578.jpg	UploadFiles/xwzx/2022/9/202209020907485578.jpg	395685	e07173eb618ef05c1672c0953274fdc49c70b22895403aeeb573f09795e9f07b	e07173eb618ef05c1672c0953274fdc49c70b22895403aeeb573f09795e9f07b	
UploadFiles/xwzx/2022/9/202209020907485930.jpg	UploadFiles/xwzx/2022/9/202209020907485930.jpg	362883	0092ab744fed8be4124434fd2eb4d4e862ec07fa0e612812aadee174dcd125b7	0092ab744fed8be4124434fd2eb4d4e862ec07fa0e612812aadee174dcd125b7	
UploadFiles/xwzx/2022/9/202209020907486881.jpg	UploadFiles/xwzx/2022/9/202209020907486881.jpg	429927	2bed4c7f19d319101ade69ce658e0ded5708a250532272be76ed0a11fcd9531b	2bed4c7f19d319101ade69ce658e0ded5708a250532272be76ed0a11fcd9531b	
UploadFiles/xwzx/2022/9/202209020907487088.jpg	UploadFiles/xwzx/2022/9/202209020907487088.jpg	371906	463f1cdcebba9d2503933e1848d06997de0c642f46b2d9f47982b6c37a1bd860	463f1cdcebba9d2503933e1848d06997de0c642f46b2d9f47982b6c37a1bd860	
UploadFiles/xwzx/2022/9/202209020907487903.jpg	UploadFiles/xwzx/2022/9/202209020907487903.jpg	342609	79bc96976ae72694da1510fc509bcdd088d273c1b2c7e36e33995c0f3b8207f0	79bc96976ae72694da1510fc509bcdd088d273c1b2c7e36e33995c0f3b8207f0	
UploadFiles/xwzx/2022/9/202209020907488408.jpg	UploadFiles/xwzx/2022/9/202209020907488408.jpg	379796	aa618ea0fdb2d07ebd8886e66389d018cc4d84f219285ce07b139658d32e32dc	aa618ea0fdb2d07ebd8886e66389d018cc4d84f219285ce07b139658d32e32dc	
UploadFiles/xwzx/2022/9/202209020907489552.jpg	UploadFiles/xwzx/2022/9/202209020907489552.jpg	535335	7e69ca190d779181c8522388df9ba11656d21df146b4dd0ac2250e5b27626263	7e69ca190d779181c8522388df9ba11656d21df146b4dd0ac2250e5b27626263	
UploadFiles/xwzx/2022/9/202209020907496744.jpg	UploadFiles/xwzx/2022/9/202209020907496744.jpg	383628	4779683d707a5b45914f16b56484de1778d6c2f7a39b3ad95d65af300c50e878	4779683d707a5b45914f16b56484de1778d6c2f7a39b3ad95d65af300c50e878	
UploadFiles/xwzx/2022/9/202209020907497034.jpg	UploadFiles/xwzx/2022/9/202209020907497034.jpg	334437	dabd4283e7be8fda0745700079e4efbad6eb13b998d9f54608b3a83bb6dd493b	dabd4283e7be8fda0745700079e4efbad6eb13b998d9f54608b3a83bb6dd493b	
UploadFiles/xwzx/2022/9/202209020907498313.jpg	UploadFiles/xwzx/2022/9/202209020907498313.jpg	350614	8cfed7bc5f25c662c54dadd42b63af31d89257f9cd97522d4a3938cf992a76cc	8cfed7bc5f25c662c54dadd42b63af31d89257f9cd97522d4a3938cf992a76cc	
UploadFiles/xwzx/2022/9/202209020907519839.jpg	UploadFiles/xwzx/2022/9/202209020907519839.jpg	6496366	cabfcabf13ed990c547b781d60a2aee5472f3b8fa7e952776fc9a56baf18fa14	cabfcabf13ed990c547b781d60a2aee5472f3b8fa7e952776fc9a56baf18fa14	
UploadFiles/xwzx/2022/9/202209020907537341.jpg	UploadFiles/xwzx/2022/9/202209020907537341.jpg	9739410	fc16672528458998365650ee1258981a2e0cff7eb245f4429e12e1142d430844	fc16672528458998365650ee1258981a2e0cff7eb245f4429e12e1142d430844	
UploadFiles/xwzx/2022/9/202209020907549661.JPG	UploadFiles/xwzx/2022/9/202209020907549661.jpg	9181454	9aa7c1bfdbc0f2d4a68e15fb3031735493a95f01fe67615518f2858ce2a22ead	9aa7c1bfdbc0f2d4a68e15fb3031735493a95f01fe67615518f2858ce2a22ead	
UploadFiles/xwzx/2022/9/202209020910235628.jpg	UploadFiles/xwzx/2022/9/202209020910235628.jpg	2343369	cce901ae198526741d22cb254a64f49fa0f43d783296ed16fc2faf928ef61f1e	cce901ae198526741d22cb254a64f49fa0f43d783296ed16fc2faf928ef61f1e	
UploadFiles/xwzx/2022/9/202209020910256962.JPG	UploadFiles/xwzx/2022/9/202209020910256962.jpg	6177467	77ef467069314f14550eb5d11468404acecd76ceed294789bd783544090ceb89	77ef467069314f14550eb5d11468404acecd76ceed294789bd783544090ceb89	
UploadFiles/xwzx/2022/9/202209020910258258.JPG	UploadFiles/xwzx/2022/9/202209020910258258.jpg	6939779	354e32f3dce7461f96a069eb7f4efabd12ac8736a0016a88325c60f2c231b677	354e32f3dce7461f96a069eb7f4efabd12ac8736a0016a88325c60f2c231b677	
UploadFiles/xwzx/2022/9/202209020910261307.jpg	UploadFiles/xwzx/2022/9/202209020910261307.jpg	5481037	22b80556da9949f76c79eb86c25031648ed52abe5829d0e65519b235dea7196e	22b80556da9949f76c79eb86c25031648ed52abe5829d0e65519b235dea7196e	
UploadFiles/xwzx/2022/9/202209020910291695.jpg	UploadFiles/xwzx/2022/9/202209020910291695.jpg	159653	6bd87899162d7db8e53dba5337430928646735ffa84d7fa160c31ad68edf634c	6bd87899162d7db8e53dba5337430928646735ffa84d7fa160c31ad68edf634c	
UploadFiles/xwzx/2022/9/202209020910294127.jpg	UploadFiles/xwzx/2022/9/202209020910294127.jpg	8030057	281d628e206bf00456101bd025057a3e2ed337ef9b54f430236ff94887449472	281d628e206bf00456101bd025057a3e2ed337ef9b54f430236ff94887449472	
UploadFiles/xwzx/2022/9/202209020910305332.jpg	UploadFiles/xwzx/2022/9/202209020910305332.jpg	2330460	e19f6103634a68d5c3934b0661359aa6386e5ec299ad07d48e48e29ddf25312a	e19f6103634a68d5c3934b0661359aa6386e5ec299ad07d48e48e29ddf25312a	
UploadFiles/xwzx/2022/9/202209020910393729.JPG	UploadFiles/xwzx/2022/9/202209020910393729.jpg	19999593	e0050bef4a72f019cf23564acf44e7e4f080330ad10c6b83f5c590da0f602bdd	e0050bef4a72f019cf23564acf44e7e4f080330ad10c6b83f5c590da0f602bdd	
UploadFiles/xwzx/2022/9/202209020910460291.JPG	UploadFiles/xwzx/2022/9/202209020910460291.jpg	19720741	6732a8ba17faefce5a500223c0725f1e7770bf5862ae7e80cd7be50e8665dbd6	6732a8ba17faefce5a500223c0725f1e7770bf5862ae7e80cd7be50e8665dbd6	
UploadFiles/xwzx/2022/9/202209020910478479.JPG	UploadFiles/xwzx/2022/9/202209020910478479.jpg	20718389	12a8d633cc9906a3ce94cd32b35a1d04ae491d72ce6a371a417c6e2c844182bc	12a8d633cc9906a3ce94cd32b35a1d04ae491d72ce6a371a417c6e2c844182bc	
UploadFiles/xwzx/2022/9/202209020910497856.JPG	UploadFiles/xwzx/2022/9/202209020910497856.jpg	18859064	7f1a93b2916ffd8d15f6326785da800d8865d58cda8e64aa68f2637a25410bcf	7f1a93b2916ffd8d15f6326785da800d8865d58cda8e64aa68f2637a25410bcf	
UploadFiles/xwzx/2022/9/202209020910553483.JPG	UploadFiles/xwzx/2022/9/202209020910553483.jpg	15533129	55c0a2daf351c8c82f64c5240b1cea0720151c57266ea2157f6f8453c00220e5	55c0a2daf351c8c82f64c5240b1cea0720151c57266ea2157f6f8453c00220e5	
UploadFiles/xwzx/2022/9/202209020911003692.JPG	UploadFiles/xwzx/2022/9/202209020911003692.jpg	19298003	a758571eb69cc164f8a756ea59ca395216d9ea0f81142b362340251c74d22e4c	a758571eb69cc164f8a756ea59ca395216d9ea0f81142b362340251c74d22e4c	
UploadFiles/xwzx/2022/9/202209020911027073.JPG	UploadFiles/xwzx/2022/9/202209020911027073.jpg	13938139	a704b83054777b1e0a5374f0019332ec87cef5534782dca420d009f195ae8da8	a704b83054777b1e0a5374f0019332ec87cef5534782dca420d009f195ae8da8	
UploadFiles/xwzx/2022/9/202209020911063522.JPG	UploadFiles/xwzx/2022/9/202209020911063522.jpg	13951078	355ba820a87a96cf972dfadd5dc5c59e183daca569b8ec6b8bf5ae8e7f8856da	355ba820a87a96cf972dfadd5dc5c59e183daca569b8ec6b8bf5ae8e7f8856da	
UploadFiles/xwzx/2022/9/202209020911095490.JPG	UploadFiles/xwzx/2022/9/202209020911095490.jpg	15331771	e7a126dcf3fb93562fba964e9c1cdef41c7b0ffe8177ba9749934e620e8b47ee	e7a126dcf3fb93562fba964e9c1cdef41c7b0ffe8177ba9749934e620e8b47ee	
UploadFiles/xwzx/2022/9/202209020911120588.JPG	UploadFiles/xwzx/2022/9/202209020911120588.jpg	15015591	d80bbad99970beea72adf10be5b4271669ad7ed5566f65a43b891f95fbae50ba	d80bbad99970beea72adf10be5b4271669ad7ed5566f65a43b891f95fbae50ba	
UploadFiles/xwzx/2022/9/202209020911204996.JPG	UploadFiles/xwzx/2022/9/202209020911204996.jpg	15161013	b4c9b3eed0789cfe364508d4918c08651d3c293a376295780c3890f6365c1ee3	b4c9b3eed0789cfe364508d4918c08651d3c293a376295780c3890f6365c1ee3	
UploadFiles/xwzx/2022/9/202209020911208085.JPG	UploadFiles/xwzx/2022/9/202209020911208085.jpg	17957937	b20359f3a2e9f9e709a685f46eada0a989143fbffcefe4ee87f5791932e195fc	b20359f3a2e9f9e709a685f46eada0a989143fbffcefe4ee87f5791932e195fc	
UploadFiles/xwzx/2022/9/202209020911215641.JPG	UploadFiles/xwzx/2022/9/202209020911215641.jpg	17738756	d8030a32d8e5c7029e41a5edc369719e38804fc64bf914f9de7f72dfce35c74d	d8030a32d8e5c7029e41a5edc369719e38804fc64bf914f9de7f72dfce35c74d	
UploadFiles/xwzx/2022/9/202209020911274096.JPG	UploadFiles/xwzx/2022/9/202209020911274096.jpg	16823348	cd0f79752d423f14493c068dbd5c67c60470e39c15e5bf0f579e9d9943b69a28	cd0f79752d423f14493c068dbd5c67c60470e39c15e5bf0f579e9d9943b69a28	
UploadFiles/xwzx/2022/9/202209020911317920.JPG	UploadFiles/xwzx/2022/9/202209020911317920.jpg	17534833	d52954d4b42a16de4d23b7246ad140195cd091a68559eee08d14e1795693e8b4	d52954d4b42a16de4d23b7246ad140195cd091a68559eee08d14e1795693e8b4	
UploadFiles/xwzx/2022/9/202209020911335582.jpg	UploadFiles/xwzx/2022/9/202209020911335582.jpg	293644	b6248d52f478cda49f2ec2b92032438542cbc0b99b165f71e4546ed51624596e	b6248d52f478cda49f2ec2b92032438542cbc0b99b165f71e4546ed51624596e	
UploadFiles/xwzx/2022/9/202209020911342433.JPG	UploadFiles/xwzx/2022/9/202209020911342433.jpg	13332706	1c5dc03b3eaf78ac9f0b6c6acc17ad8b94eb987cbc16627360e5c71139279cc8	1c5dc03b3eaf78ac9f0b6c6acc17ad8b94eb987cbc16627360e5c71139279cc8	
UploadFiles/xwzx/2022/9/202209020911386084.JPG	UploadFiles/xwzx/2022/9/202209020911386084.jpg	13092069	b8cb6423474500bc28373b87e9aeffaccafe86e6da18361fe388a4bc52edcb98	b8cb6423474500bc28373b87e9aeffaccafe86e6da18361fe388a4bc52edcb98	
UploadFiles/xwzx/2022/9/202209020911389467.JPG	UploadFiles/xwzx/2022/9/202209020911389467.jpg	14367548	1d8a9c05c27c6ffdaa650f493701cb1acd5f5b16dd678ad2ada571b522c28e5b	1d8a9c05c27c6ffdaa650f493701cb1acd5f5b16dd678ad2ada571b522c28e5b	
UploadFiles/xwzx/2022/9/202209020911441187.JPG	UploadFiles/xwzx/2022/9/202209020911441187.jpg	15326882	1d52eafae60f2ca6b9886ce8fa4623b139b79bc2cde8a55eacced9f94b25689a	1d52eafae60f2ca6b9886ce8fa4623b139b79bc2cde8a55eacced9f94b25689a	
UploadFiles/xwzx/2022/9/202209020911447337.JPG	UploadFiles/xwzx/2022/9/202209020911447337.jpg	15295324	dd74beb1e99532e8f8f671b0e57432d8674677e5c7613d92e7785169ba488614	dd74beb1e99532e8f8f671b0e57432d8674677e5c7613d92e7785169ba488614	
UploadFiles/xwzx/2022/9/202209020911491175.JPG	UploadFiles/xwzx/2022/9/202209020911491175.jpg	16127847	33b3c7e5a35716a7af2188f59b336ee0ba8adfe3e093a6b67ee2019f2ea03881	33b3c7e5a35716a7af2188f59b336ee0ba8adfe3e093a6b67ee2019f2ea03881	
UploadFiles/xwzx/2022/9/202209020911553729.JPG	UploadFiles/xwzx/2022/9/202209020911553729.jpg	15799658	be21bb42f7616e3a1a55113eb16ce9203ad41c275307326954dcd75e2fbf6661	be21bb42f7616e3a1a55113eb16ce9203ad41c275307326954dcd75e2fbf6661	
UploadFiles/xwzx/2022/9/202209020911554231.JPG	UploadFiles/xwzx/2022/9/202209020911554231.jpg	16130401	f4058133bd12aa53af49cf6c92ffddf7a32783dd9c0db6ece6011e62731d6aef	f4058133bd12aa53af49cf6c92ffddf7a32783dd9c0db6ece6011e62731d6aef	
UploadFiles/xwzx/2022/9/202209020911571644.JPG	UploadFiles/xwzx/2022/9/202209020911571644.jpg	14571836	9f61b06ab25db964991fded10d7fc8418a572f4d6cca1e35ded6078b479179a4	9f61b06ab25db964991fded10d7fc8418a572f4d6cca1e35ded6078b479179a4	
UploadFiles/xwzx/2022/9/202209020912036560.JPG	UploadFiles/xwzx/2022/9/202209020912036560.jpg	14084212	330da04496efcf2468d9d12022b3241cf0be9ebc0140b590a100fbac8f6109f0	330da04496efcf2468d9d12022b3241cf0be9ebc0140b590a100fbac8f6109f0	
UploadFiles/xwzx/2022/9/202209020912039644.JPG	UploadFiles/xwzx/2022/9/202209020912039644.jpg	14488271	55151d555e38113e3e45f7eed727d0ac610e7d01ebe9a32418dd0c98a04fdf7f	55151d555e38113e3e45f7eed727d0ac610e7d01ebe9a32418dd0c98a04fdf7f	
UploadFiles/xwzx/2022/9/202209020912091594.JPG	UploadFiles/xwzx/2022/9/202209020912091594.jpg	13634120	da5f0e97be9b73b3994a21f0bf3164c80280064d92e044efb9ad7e575ce3fe02	da5f0e97be9b73b3994a21f0bf3164c80280064d92e044efb9ad7e575ce3fe02	
UploadFiles/xwzx/2022/9/202209020912115484.JPG	UploadFiles/xwzx/2022/9/202209020912115484.jpg	16178768	92b74f507b645e82b73858cffa5ebad524f4e3dc6560a5d3c6848f89aab44d42	92b74f507b645e82b73858cffa5ebad524f4e3dc6560a5d3c6848f89aab44d42	
UploadFiles/xwzx/2022/9/202209020912116010.JPG	UploadFiles/xwzx/2022/9/202209020912116010.jpg	13795511	a0053c541679137af3237420968dcba49f536ac36bbbaca5defd40c03d0bf9c9	a0053c541679137af3237420968dcba49f536ac36bbbaca5defd40c03d0bf9c9	
UploadFiles/xwzx/2022/9/202209020912171439.JPG	UploadFiles/xwzx/2022/9/202209020912171439.jpg	15627975	f457524e8bdcfc4f84438aa6298de8dafcbea2e86e1a9b2311d914dee6a32aa4	f457524e8bdcfc4f84438aa6298de8dafcbea2e86e1a9b2311d914dee6a32aa4	
UploadFiles/xwzx/2022/9/202209020912176786.JPG	UploadFiles/xwzx/2022/9/202209020912176786.jpg	13282059	01f66772d735cc08a70047f25d14b3cef666d961d3c8f916ab73c05202bcd74a	01f66772d735cc08a70047f25d14b3cef666d961d3c8f916ab73c05202bcd74a	
UploadFiles/xwzx/2022/9/202209020912207930.JPG	UploadFiles/xwzx/2022/9/202209020912207930.jpg	12822778	3d498896ca3331774c7e70774aec0cce4f48171553e3cea3a2e2f808c1898e98	3d498896ca3331774c7e70774aec0cce4f48171553e3cea3a2e2f808c1898e98	
UploadFiles/xwzx/2022/9/202209020912238905.JPG	UploadFiles/xwzx/2022/9/202209020912238905.jpg	13826461	daff71180a7910235d3c02c86419e113c87eb86586adfecd1f39f2d2931a4b90	daff71180a7910235d3c02c86419e113c87eb86586adfecd1f39f2d2931a4b90	
UploadFiles/xwzx/2022/9/202209020912295774.JPG	UploadFiles/xwzx/2022/9/202209020912295774.jpg	13220312	43801420fce05e0c18f161e47b57bdaf723344290fafa28e44e256e4c748be25	43801420fce05e0c18f161e47b57bdaf723344290fafa28e44e256e4c748be25	
UploadFiles/xwzx/2022/9/202209020912307249.JPG	UploadFiles/xwzx/2022/9/202209020912307249.jpg	13174821	458df1fdfb0f8c9deb70de08902413a6dfeaf458bd7ec24e3bfdb4988a629a35	458df1fdfb0f8c9deb70de08902413a6dfeaf458bd7ec24e3bfdb4988a629a35	
UploadFiles/xwzx/2022/9/202209020912343868.JPG	UploadFiles/xwzx/2022/9/202209020912343868.jpg	13596617	d0f38218e0ce6dcb2b1297ecc442251efe0242649fd6a45278f7966b3fa9bd8f	d0f38218e0ce6dcb2b1297ecc442251efe0242649fd6a45278f7966b3fa9bd8f	
UploadFiles/xwzx/2022/9/202209020912348820.JPG	UploadFiles/xwzx/2022/9/202209020912348820.jpg	12524038	4fbdc771bc5c0c472e9850971e3ef521bafb22594b4116a17d9629008713fbaa	4fbdc771bc5c0c472e9850971e3ef521bafb22594b4116a17d9629008713fbaa	
UploadFiles/xwzx/2022/9/202209020912425379.JPG	UploadFiles/xwzx/2022/9/202209020912425379.jpg	14685200	1a41bc6c663e04855131c39ec9d0d96f02f70ff05730860fb77a6e1ed7e643f9	1a41bc6c663e04855131c39ec9d0d96f02f70ff05730860fb77a6e1ed7e643f9	
UploadFiles/xwzx/2022/9/202209020912427995.JPG	UploadFiles/xwzx/2022/9/202209020912427995.jpg	13561508	d1c4f69cb786138caa29aff990577d3fa948b178c626b00c232309af8d47dbd1	d1c4f69cb786138caa29aff990577d3fa948b178c626b00c232309af8d47dbd1	
UploadFiles/xwzx/2022/9/202209020912433572.JPG	UploadFiles/xwzx/2022/9/202209020912433572.jpg	12539829	fd329a018221163d6139a6068382a9064a4eac1d99a859427ad2860175910230	fd329a018221163d6139a6068382a9064a4eac1d99a859427ad2860175910230	
UploadFiles/xwzx/2022/9/202209020912471965.JPG	UploadFiles/xwzx/2022/9/202209020912471965.jpg	13113091	0de5330b4b39cf4a17ae4176915708e2fd37cd17962b74e480ead557edccc239	0de5330b4b39cf4a17ae4176915708e2fd37cd17962b74e480ead557edccc239	
UploadFiles/xwzx/2022/9/202209020912534289.JPG	UploadFiles/xwzx/2022/9/202209020912534289.jpg	11463054	4e63a4583545e8bbcbf52efcee8ab218194d9a228d4a7fe22a91cbebc7ded34a	4e63a4583545e8bbcbf52efcee8ab218194d9a228d4a7fe22a91cbebc7ded34a	
UploadFiles/xwzx/2022/9/202209020912543733.JPG	UploadFiles/xwzx/2022/9/202209020912543733.jpg	12761063	a3a28d38a23ca367ca7bbfd89c452a25f01c3796d3f477f611d4f4f3d9fe9bc4	a3a28d38a23ca367ca7bbfd89c452a25f01c3796d3f477f611d4f4f3d9fe9bc4	
UploadFiles/xwzx/2022/9/202209020912553833.JPG	UploadFiles/xwzx/2022/9/202209020912553833.jpg	15465403	2175bced5227fd82e1d7c62675d83889e718bc7345a65589168720e414767fc2	2175bced5227fd82e1d7c62675d83889e718bc7345a65589168720e414767fc2	
UploadFiles/xwzx/2022/9/202209020913008408.JPG	UploadFiles/xwzx/2022/9/202209020913008408.jpg	14206032	5058a560f972828bb91f690012c90e1b7a4d0c63c1cc11c7ea81c56ebf1fdcdc	5058a560f972828bb91f690012c90e1b7a4d0c63c1cc11c7ea81c56ebf1fdcdc	
UploadFiles/xwzx/2022/9/202209020913062185.JPG	UploadFiles/xwzx/2022/9/202209020913062185.jpg	15527293	847f1fe641707a7e20af15f4f64a6adaa645c9c06d229af1d2f881d65a34b489	847f1fe641707a7e20af15f4f64a6adaa645c9c06d229af1d2f881d65a34b489	
UploadFiles/xwzx/2022/9/202209020913066254.JPG	UploadFiles/xwzx/2022/9/202209020913066254.jpg	13808141	367045beacaa5e48e261391da3687ae8d14fff45c6ef086acbcd480ec40f0f5c	367045beacaa5e48e261391da3687ae8d14fff45c6ef086acbcd480ec40f0f5c	
UploadFiles/xwzx/2022/9/202209020913087111.JPG	UploadFiles/xwzx/2022/9/202209020913087111.jpg	15690963	72a8891d6c50e9097eff65f2ce2cfa64d22514c63dd75ff66d42ae529647ca2f	72a8891d6c50e9097eff65f2ce2cfa64d22514c63dd75ff66d42ae529647ca2f	
UploadFiles/xwzx/2022/9/202209020913155173.JPG	UploadFiles/xwzx/2022/9/202209020913155173.jpg	12891908	d4c633a66e14d5a2255f4707af35d97d05d6898661a94158c611030a61ada0e9	d4c633a66e14d5a2255f4707af35d97d05d6898661a94158c611030a61ada0e9	
UploadFiles/xwzx/2022/9/202209020913162045.JPG	UploadFiles/xwzx/2022/9/202209020913162045.jpg	14431534	fa9b1eecc08c926ca9dc3b4ee186e14856e757360a0e1e073dfd1f83a4bae2a5	fa9b1eecc08c926ca9dc3b4ee186e14856e757360a0e1e073dfd1f83a4bae2a5	
UploadFiles/xwzx/2022/9/202209020913170267.JPG	UploadFiles/xwzx/2022/9/202209020913170267.jpg	14635257	07e8e23aa84fe8fde1490c6e6c2ff93eff8f298793725a0f347ffe54a8492071	07e8e23aa84fe8fde1490c6e6c2ff93eff8f298793725a0f347ffe54a8492071	
UploadFiles/xwzx/2022/9/202209020913200368.JPG	UploadFiles/xwzx/2022/9/202209020913200368.jpg	13001624	550555f5e9cc8e187bff15a16bd7e792e849670fbd2c247a6af36a0c2752f553	550555f5e9cc8e187bff15a16bd7e792e849670fbd2c247a6af36a0c2752f553	
UploadFiles/xwzx/2022/9/202209020913245668.JPG	UploadFiles/xwzx/2022/9/202209020913245668.jpg	12453104	3bd38e7d809dce89acffbdc2855cbc4054ed3aa9ac5715ba85b5ac0ee01d0d45	3bd38e7d809dce89acffbdc2855cbc4054ed3aa9ac5715ba85b5ac0ee01d0d45	
UploadFiles/xwzx/2022/9/202209020913265969.JPG	UploadFiles/xwzx/2022/9/202209020913265969.jpg	12642962	b66cf0336a85d614f0d2062d5cfd77b17aee20ae3624912d1d0b6281d8e98df4	b66cf0336a85d614f0d2062d5cfd77b17aee20ae3624912d1d0b6281d8e98df4	
UploadFiles/xwzx/2022/9/202209020913294122.JPG	UploadFiles/xwzx/2022/9/202209020913294122.jpg	15108468	ef228c55c2a5676662096343097eccc0a7c0e2c10ddc3e3066743c316e338a4a	ef228c55c2a5676662096343097eccc0a7c0e2c10ddc3e3066743c316e338a4a	
UploadFiles/xwzx/2022/9/202209020913304311.jpg	UploadFiles/xwzx/2022/9/202209020913304311.jpg	2284897	0c69d6ef8272d560554a3426ea505d7c730694709ac2ac0e8ee28363bfc6bc1a	0c69d6ef8272d560554a3426ea505d7c730694709ac2ac0e8ee28363bfc6bc1a	
UploadFiles/xwzx/2022/9/202209020913331907.JPG	UploadFiles/xwzx/2022/9/202209020913331907.jpg	14668525	185c3ddbbb3522c453d20b7a10f3b8cf1c85b9cc4c52799d18afb4af7e2e1fb0	185c3ddbbb3522c453d20b7a10f3b8cf1c85b9cc4c52799d18afb4af7e2e1fb0	
UploadFiles/xwzx/2022/9/202209020913336181.JPG	UploadFiles/xwzx/2022/9/202209020913336181.jpg	2935136	53a041c7f36f0a861823c97cb1ea2eb404d3d0bacead09a874debc865fce587f	53a041c7f36f0a861823c97cb1ea2eb404d3d0bacead09a874debc865fce587f	
UploadFiles/xwzx/2022/9/202209020913340483.JPG	UploadFiles/xwzx/2022/9/202209020913340483.jpg	1852400	9d44c5927ab6b18541ff9da922e7cde06ff458d6a5d4c831fb4d3f12201e5665	9d44c5927ab6b18541ff9da922e7cde06ff458d6a5d4c831fb4d3f12201e5665	
UploadFiles/xwzx/2022/9/202209020913355749.JPG	UploadFiles/xwzx/2022/9/202209020913355749.jpg	3375255	69dfebd3271d6ca916f087629f2e9d2cb3149a09c08a0ea9d9425d7cd4dfb96e	69dfebd3271d6ca916f087629f2e9d2cb3149a09c08a0ea9d9425d7cd4dfb96e	
UploadFiles/xwzx/2022/9/202209020913355991.JPG	UploadFiles/xwzx/2022/9/202209020913355991.jpg	3246335	f172de611f2c71e4c9a15d46b687519d0bed70c417a4ecf32f77cf808a23ebef	f172de611f2c71e4c9a15d46b687519d0bed70c417a4ecf32f77cf808a23ebef	
UploadFiles/xwzx/2022/9/202209020913395265.JPG	UploadFiles/xwzx/2022/9/202209020913395265.jpg	13274447	b3bcba3805259f3e117e856b24485fdc5d63d62aebc8ce67de2c24f73472e0bc	b3bcba3805259f3e117e856b24485fdc5d63d62aebc8ce67de2c24f73472e0bc	
UploadFiles/xwzx/2022/9/202209020913395890.jpg	UploadFiles/xwzx/2022/9/202209020913395890.jpg	9383485	cd63d96ff71a302ce5cb775b9c1bb90c1c96c42ae7e6bde4d3d522fa0cabe5a5	cd63d96ff71a302ce5cb775b9c1bb90c1c96c42ae7e6bde4d3d522fa0cabe5a5	
UploadFiles/xwzx/2022/9/202209020913417116.jpg	UploadFiles/xwzx/2022/9/202209020913417116.jpg	9677235	9e3b2300798955e17a961754f3c222411c30cc6266838bc6c1019361f79c271b	9e3b2300798955e17a961754f3c222411c30cc6266838bc6c1019361f79c271b	
UploadFiles/xwzx/2022/9/202209020913421508.jpg	UploadFiles/xwzx/2022/9/202209020913421508.jpg	6823426	da63728357d4f6aafb04fe59512ca364ddcbee2dd97f719a1d436f54340cdea3	da63728357d4f6aafb04fe59512ca364ddcbee2dd97f719a1d436f54340cdea3	
UploadFiles/xwzx/2022/9/202209020913434476.jpg	UploadFiles/xwzx/2022/9/202209020913434476.jpg	4801916	78076a27e46d0fb62c7a525000fb0f13417a56f6e067f1f3ce4f0cd20ef93ffa	78076a27e46d0fb62c7a525000fb0f13417a56f6e067f1f3ce4f0cd20ef93ffa	
UploadFiles/xwzx/2022/9/202209020913445880.jpg	UploadFiles/xwzx/2022/9/202209020913445880.jpg	4707601	864f33e6b81c27617015bfcee7d463a50f11e2af7648f5be9f1dfe2bc5bb34a0	864f33e6b81c27617015bfcee7d463a50f11e2af7648f5be9f1dfe2bc5bb34a0	
UploadFiles/xwzx/2022/9/202209020913471236.jpg	UploadFiles/xwzx/2022/9/202209020913471236.jpg	17798484	d48abfbf8daf6483b718db09d46bb85c9ea37a2de80d42a07f0941cf922ad40b	d48abfbf8daf6483b718db09d46bb85c9ea37a2de80d42a07f0941cf922ad40b	
UploadFiles/xwzx/2022/9/202209020920137274.JPG	UploadFiles/xwzx/2022/9/202209020920137274.jpg	16875702	fa4229969ff136a940b334a7da5151877cbad9ceb9fac4c226aac25d728a9318	fa4229969ff136a940b334a7da5151877cbad9ceb9fac4c226aac25d728a9318	
UploadFiles/xwzx/2022/9/202209020920193963.JPG	UploadFiles/xwzx/2022/9/202209020920193963.jpg	15324244	edb151c851e41062aa399b5dfb8a820b9377762aa329d5d4251b7e94dab50b64	edb151c851e41062aa399b5dfb8a820b9377762aa329d5d4251b7e94dab50b64	
UploadFiles/xwzx/2022/9/202209020920235352.JPG	UploadFiles/xwzx/2022/9/202209020920235352.jpg	14923651	1f8d22e9a80797800e85a5da08145afb624011bd6f5ac5b21d8bfb697be084ed	1f8d22e9a80797800e85a5da08145afb624011bd6f5ac5b21d8bfb697be084ed	
UploadFiles/xwzx/2022/9/202209020920239008.JPG	UploadFiles/xwzx/2022/9/202209020920239008.jpg	15403537	e9629aa915a6f6f072c7a0666fd305398027cf7ef22935501afee87c3582c857	e9629aa915a6f6f072c7a0666fd305398027cf7ef22935501afee87c3582c857	
UploadFiles/xwzx/2022/9/202209020920273120.JPG	UploadFiles/xwzx/2022/9/202209020920273120.jpg	13108806	b4a917c9eecb2ecfbe8d35c1beac7cf54a36210a4d33178e1171e6e99d48af15	b4a917c9eecb2ecfbe8d35c1beac7cf54a36210a4d33178e1171e6e99d48af15	
UploadFiles/xwzx/2022/9/202209020920286550.JPG	UploadFiles/xwzx/2022/9/202209020920286550.jpg	13953186	7af4346d068da131d4894293740f0e7f8e052dc98995331966de6f830ce2381b	7af4346d068da131d4894293740f0e7f8e052dc98995331966de6f830ce2381b	
UploadFiles/xwzx/2022/9/202209020923052366.JPG	UploadFiles/xwzx/2022/9/202209020923052366.jpg	15487923	e4b541ab9f92ef56ea0601ab2d40ac75bd97bf072c3ece4dccfc15b8f434535b	e4b541ab9f92ef56ea0601ab2d40ac75bd97bf072c3ece4dccfc15b8f434535b	
UploadFiles/xwzx/2022/9/202209020923094633.jpg	UploadFiles/xwzx/2022/9/202209020923094633.jpg	13788945	03ed86a60be8f9248de18903d1640fa618a0184d90c9483b8c48bb15b7c487f5	03ed86a60be8f9248de18903d1640fa618a0184d90c9483b8c48bb15b7c487f5	
UploadFiles/xwzx/2022/9/202209020923135334.JPG	UploadFiles/xwzx/2022/9/202209020923135334.jpg	15422381	b9480f194e5ad6b31946c6e31d32aa43ff49d1ef25fda43de938bc1ee63985d8	b9480f194e5ad6b31946c6e31d32aa43ff49d1ef25fda43de938bc1ee63985d8	
UploadFiles/xwzx/2022/9/202209020923174631.jpg	UploadFiles/xwzx/2022/9/202209020923174631.jpg	14215308	bcf72e066834ccf72904b1d5715ce93337ab2f682c9352919ff4fb8e0418eb57	bcf72e066834ccf72904b1d5715ce93337ab2f682c9352919ff4fb8e0418eb57	
UploadFiles/xwzx/2022/9/202209020923219730.JPG	UploadFiles/xwzx/2022/9/202209020923219730.jpg	15188463	f27f5b3511cee3753c5fa76e129a0a9c2ffa31a599b6b525caa8b974d2694b43	f27f5b3511cee3753c5fa76e129a0a9c2ffa31a599b6b525caa8b974d2694b43	
UploadFiles/xwzx/2022/9/202209020923248465.jpg	UploadFiles/xwzx/2022/9/202209020923248465.jpg	13364741	5cc2dffd8d062fea162677010b74b9a31403e3e5e560d503a0c86ccf3e7e7c1b	5cc2dffd8d062fea162677010b74b9a31403e3e5e560d503a0c86ccf3e7e7c1b	
UploadFiles/xwzx/2022/9/202209020923288060.JPG	UploadFiles/xwzx/2022/9/202209020923288060.jpg	14916489	5d12992c3184fb7e5b37f29604b4e5e7071aaecece819227e4308df9ccbfcfe3	5d12992c3184fb7e5b37f29604b4e5e7071aaecece819227e4308df9ccbfcfe3	
UploadFiles/xwzx/2022/9/202209020923330292.JPG	UploadFiles/xwzx/2022/9/202209020923330292.jpg	16185390	4ac29a8d38df2f0ae49b6b844290f8f41de78f8c38f763e850e97148cdb6f984	4ac29a8d38df2f0ae49b6b844290f8f41de78f8c38f763e850e97148cdb6f984	
UploadFiles/xwzx/2022/9/202209020923337619.jpg	UploadFiles/xwzx/2022/9/202209020923337619.jpg	2234132	46e25043c09a63d2eadffb5712eb8bdfe678bd522670130adf5fae55f43f742e	46e25043c09a63d2eadffb5712eb8bdfe678bd522670130adf5fae55f43f742e	
UploadFiles/xwzx/2022/9/202209020923342998.JPG	UploadFiles/xwzx/2022/9/202209020923342998.jpg	18063596	dc13d9032614d2cee4d356eb0911b47ea321bb46a429b1dcb72a4c8662062d9d	dc13d9032614d2cee4d356eb0911b47ea321bb46a429b1dcb72a4c8662062d9d	
UploadFiles/xwzx/2022/9/202209020923349276.JPG	UploadFiles/xwzx/2022/9/202209020923349276.jpg	18243229	aed46b3edbba92220d3582428662d3f867cc215735f3c86cf8bd70a4235dadf4	aed46b3edbba92220d3582428662d3f867cc215735f3c86cf8bd70a4235dadf4	
UploadFiles/xwzx/2022/9/202209021438241422.png	UploadFiles/xwzx/2022/9/202209021438241422.png	90447	3485a1044b7bd96e755d9869f72096976f58ba45925a000f10285f1371c22b1d	3485a1044b7bd96e755d9869f72096976f58ba45925a000f10285f1371c22b1d	
UploadFiles/xwzx/2022/9/202209021727576365.png	UploadFiles/xwzx/2022/9/202209021727576365.png	51407	12ca882df88ffbda91a9f983ff912ad490d16ed45de6a7a7b1595aa01ab3d836	12ca882df88ffbda91a9f983ff912ad490d16ed45de6a7a7b1595aa01ab3d836	
UploadFiles/xwzx/2022/9/202209050809265793.png	UploadFiles/xwzx/2022/9/202209050809265793.png	8556	a3e6e8b79a733dca0964fcfa74c3ec0de34eac4742ebf4fb6f0dc2db199950e0	a3e6e8b79a733dca0964fcfa74c3ec0de34eac4742ebf4fb6f0dc2db199950e0	
UploadFiles/xwzx/2022/9/202209050815273986.png	UploadFiles/xwzx/2022/9/202209050815273986.png	17663	e31fa94c5b6b48ab7c481217b8e3fb786904b6b6e48a901455cbc9307ab8a1ad	e31fa94c5b6b48ab7c481217b8e3fb786904b6b6e48a901455cbc9307ab8a1ad	
UploadFiles/xwzx/2022/9/202209060755020898.jpg	UploadFiles/xwzx/2022/9/202209060755020898.jpg	6941285	a8734333b37eff0bf19534350b7616e39c8315a7bce827faf29212010e13bf14	a8734333b37eff0bf19534350b7616e39c8315a7bce827faf29212010e13bf14	
UploadFiles/xwzx/2022/9/202209060853441122.png	UploadFiles/xwzx/2022/9/202209060853441122.png	98907	d41dca1dc1b40dfcfc9579e899ebdb403e373021191f3b7c79940919069c80a5	d41dca1dc1b40dfcfc9579e899ebdb403e373021191f3b7c79940919069c80a5	
UploadFiles/xwzx/2022/9/202209071057024322.jpg	UploadFiles/xwzx/2022/9/202209071057024322.jpg	191239	a42ed51860ec811297308e5da5838679f93f32e452546275dd4eb5540c5d35d5	a42ed51860ec811297308e5da5838679f93f32e452546275dd4eb5540c5d35d5	
UploadFiles/xwzx/2022/9/202209071057026398.jpg	UploadFiles/xwzx/2022/9/202209071057026398.jpg	215636	6af56bf5b7bdaf9bc40593f52c4becd0171ca641d1d64c2ca8151e02bfe6e19f	6af56bf5b7bdaf9bc40593f52c4becd0171ca641d1d64c2ca8151e02bfe6e19f	
UploadFiles/xwzx/2022/9/202209071057026941.jpg	UploadFiles/xwzx/2022/9/202209071057026941.jpg	565352	a96caeddb8b38cab78e9dfe718a8b56b4f0c9ac6e2a91444f2ff39185ce96742	a96caeddb8b38cab78e9dfe718a8b56b4f0c9ac6e2a91444f2ff39185ce96742	
UploadFiles/xwzx/2022/9/202209071057031060.jpg	UploadFiles/xwzx/2022/9/202209071057031060.jpg	217585	2862bea9926cfbebcbb212314f287012b9c7d98a3c5c0507af17e85ee6a4f1b8	2862bea9926cfbebcbb212314f287012b9c7d98a3c5c0507af17e85ee6a4f1b8	
UploadFiles/xwzx/2022/9/202209071057031853.jpg	UploadFiles/xwzx/2022/9/202209071057031853.jpg	196295	146bdbf03aab1bd63699f5b63a795333ac3effec1e485a15efcc305c4e6bdcff	146bdbf03aab1bd63699f5b63a795333ac3effec1e485a15efcc305c4e6bdcff	
UploadFiles/xwzx/2022/9/202209071057033146.jpg	UploadFiles/xwzx/2022/9/202209071057033146.jpg	198587	43bdc8b97cdd5b8a9bf3778abcf519d16e2b0c3ea01afab0f628ee78b9e90f75	43bdc8b97cdd5b8a9bf3778abcf519d16e2b0c3ea01afab0f628ee78b9e90f75	
UploadFiles/xwzx/2022/9/202209071057034648.jpg	UploadFiles/xwzx/2022/9/202209071057034648.jpg	202244	2c0199ef4db35f10308b4504de1adf4607f083f04ed08ae0da32583e4823ff26	2c0199ef4db35f10308b4504de1adf4607f083f04ed08ae0da32583e4823ff26	
UploadFiles/xwzx/2022/9/202209071057034669.jpg	UploadFiles/xwzx/2022/9/202209071057034669.jpg	212945	bc1fb4f94b9e1a62dab6d51c146cc20bbe26d5081ce34ec6a651b0909b8b47f8	bc1fb4f94b9e1a62dab6d51c146cc20bbe26d5081ce34ec6a651b0909b8b47f8	
UploadFiles/xwzx/2022/9/202209071057037771.jpg	UploadFiles/xwzx/2022/9/202209071057037771.jpg	195013	c9c10e619240f512d1979e1d0b9e76607c24983c14cbb3ded13cdca27568423f	c9c10e619240f512d1979e1d0b9e76607c24983c14cbb3ded13cdca27568423f	
UploadFiles/xwzx/2022/9/202209071057038080.jpg	UploadFiles/xwzx/2022/9/202209071057038080.jpg	247475	8cf489ca3aa5c807351ba1048f03b3701251bd5f0fd38143af150bcb4816dec2	8cf489ca3aa5c807351ba1048f03b3701251bd5f0fd38143af150bcb4816dec2	
UploadFiles/xwzx/2022/9/202209071057039871.jpg	UploadFiles/xwzx/2022/9/202209071057039871.jpg	204681	c3b310cdbfda05c985f7467dc049fb850023e8a4c64d969552da44c8b0266b93	c3b310cdbfda05c985f7467dc049fb850023e8a4c64d969552da44c8b0266b93	
UploadFiles/xwzx/2022/9/202209071057039943.jpg	UploadFiles/xwzx/2022/9/202209071057039943.jpg	208304	c6edbd6e657cbbd51a6723808dddea8f64da40dae0096b7b6d607a625cfe8f0d	c6edbd6e657cbbd51a6723808dddea8f64da40dae0096b7b6d607a625cfe8f0d	
UploadFiles/xwzx/2022/9/202209071057042273.jpg	UploadFiles/xwzx/2022/9/202209071057042273.jpg	236892	e054fecb8160f67ce1c604f35bfdceb42cd4106b147e6268317e170190b5d6d0	e054fecb8160f67ce1c604f35bfdceb42cd4106b147e6268317e170190b5d6d0	
UploadFiles/xwzx/2022/9/202209071057043307.jpg	UploadFiles/xwzx/2022/9/202209071057043307.jpg	248769	42c9914dfa3fac3209ecd782871d48eded97563ccf2826c2c2b4e23087fab1d3	42c9914dfa3fac3209ecd782871d48eded97563ccf2826c2c2b4e23087fab1d3	
UploadFiles/xwzx/2022/9/202209071057043336.jpg	UploadFiles/xwzx/2022/9/202209071057043336.jpg	210048	4455d2102f8a20b2b36fe031e448f42264b14706e4410ef53cc5c91a9fa15e97	4455d2102f8a20b2b36fe031e448f42264b14706e4410ef53cc5c91a9fa15e97	
UploadFiles/xwzx/2022/9/202209071057045766.jpg	UploadFiles/xwzx/2022/9/202209071057045766.jpg	244617	93e6dbdf3de15367ec4de57e6180f9c5076c37f2a0c9efdce6259643432a53cb	93e6dbdf3de15367ec4de57e6180f9c5076c37f2a0c9efdce6259643432a53cb	
UploadFiles/xwzx/2022/9/202209071057046187.jpg	UploadFiles/xwzx/2022/9/202209071057046187.jpg	149371	b7db5c979b512f03619dc1b55da87e3e74556dc161c756e4fe5a704eb294372b	b7db5c979b512f03619dc1b55da87e3e74556dc161c756e4fe5a704eb294372b	
UploadFiles/xwzx/2022/9/202209071057046672.jpg	UploadFiles/xwzx/2022/9/202209071057046672.jpg	185812	141e80c1c6bb51088d14749893c95468f637294c6ae5419919dcacbcacd9f4bc	141e80c1c6bb51088d14749893c95468f637294c6ae5419919dcacbcacd9f4bc	
UploadFiles/xwzx/2022/9/202209071100303293.png	UploadFiles/xwzx/2022/9/202209071100303293.png	46612	c453a5ff291563b14f150391d56b6ce841d44174507d59cca66b6a1f04db3350	c453a5ff291563b14f150391d56b6ce841d44174507d59cca66b6a1f04db3350	
UploadFiles/xwzx/2022/9/202209071332354767.png	UploadFiles/xwzx/2022/9/202209071332354767.png	99742	7c55c0191f4a005ed4f4003b6bd3378a2444e22bc50ea00f1912a4ff7c799c71	7c55c0191f4a005ed4f4003b6bd3378a2444e22bc50ea00f1912a4ff7c799c71	
UploadFiles/xwzx/2022/9/202209081421046566.png	UploadFiles/xwzx/2022/9/202209081421046566.png	99222	c6e5cbb4a27a77ec0ff6be9d11fa5b39edb7537fbbd0e504a9c14136e9a746d2	c6e5cbb4a27a77ec0ff6be9d11fa5b39edb7537fbbd0e504a9c14136e9a746d2	
UploadFiles/xwzx/2022/9/202209082006346411.jpg	UploadFiles/xwzx/2022/9/202209082006346411.jpg	192211	c9f16a257f9f87d18bb3b0baded0ff2299c700861af7e1e07792177e7a272978	c9f16a257f9f87d18bb3b0baded0ff2299c700861af7e1e07792177e7a272978	
UploadFiles/xwzx/2022/9/202209082006355751.jpg	UploadFiles/xwzx/2022/9/202209082006355751.jpg	167161	3a6628f5f60d7f2ee0079b8bba0e9c95cc170fd54e8ca21a8ad45e2b7a53e13b	3a6628f5f60d7f2ee0079b8bba0e9c95cc170fd54e8ca21a8ad45e2b7a53e13b	
UploadFiles/xwzx/2022/9/202209090906451739.png	UploadFiles/xwzx/2022/9/202209090906451739.png	29566	255ab2a603c6978c169988724ae689040e786fff590e9ad6d757cc07b6fbfaf0	255ab2a603c6978c169988724ae689040e786fff590e9ad6d757cc07b6fbfaf0	
UploadFiles/xwzx/2022/9/202209120833009079.png	UploadFiles/xwzx/2022/9/202209120833009079.png	97510	2ecb407dfcd7b84d74f2b248f4d6297d84a344dbc27bf4a33488f9ea7802a3cf	2ecb407dfcd7b84d74f2b248f4d6297d84a344dbc27bf4a33488f9ea7802a3cf	
UploadFiles/xwzx/2022/9/202209120840169049.png	UploadFiles/xwzx/2022/9/202209120840169049.png	98702	d7d7c1f5718f034cc9d66d0847cda3c33fff9892cc08add7ce831793749e8f7b	d7d7c1f5718f034cc9d66d0847cda3c33fff9892cc08add7ce831793749e8f7b	
UploadFiles/xwzx/2022/9/202209121645436027.png	UploadFiles/xwzx/2022/9/202209121645436027.png	36343	7b31e387f5758a96a834e39d4212e46105202edff8c880700bdbec6e27d4975f	7b31e387f5758a96a834e39d4212e46105202edff8c880700bdbec6e27d4975f	
UploadFiles/xwzx/2022/9/202209130854049789.jpg	UploadFiles/xwzx/2022/9/202209130854049789.jpg	56787	ac93f7f537be7526aa83cf3fb9d96f7f9ecd295e14c696da610f7b1ab8c1a1d3	ac93f7f537be7526aa83cf3fb9d96f7f9ecd295e14c696da610f7b1ab8c1a1d3	
UploadFiles/xwzx/2022/9/202209130854194676.jpg	UploadFiles/xwzx/2022/9/202209130854194676.jpg	56084	e5ea5585e0781c4a30d008cdd4259e98c92835e8a82411d6e4650e143706e5b7	e5ea5585e0781c4a30d008cdd4259e98c92835e8a82411d6e4650e143706e5b7	
UploadFiles/xwzx/2022/9/202209131001397343.jpg	UploadFiles/xwzx/2022/9/202209131001397343.jpg	2136250	662002e6a1fc18d408c14f704564acaf70af1f09cf55829135f4d8a7b6f6d28f	662002e6a1fc18d408c14f704564acaf70af1f09cf55829135f4d8a7b6f6d28f	
UploadFiles/xwzx/2022/9/202209131001419159.jpg	UploadFiles/xwzx/2022/9/202209131001419159.jpg	3054195	2624cb135f18c2662ddcfeb3e736689a0039a84d608a04a15e1b86896ddbbf5e	2624cb135f18c2662ddcfeb3e736689a0039a84d608a04a15e1b86896ddbbf5e	
UploadFiles/xwzx/2022/9/202209131001427815.jpg	UploadFiles/xwzx/2022/9/202209131001427815.jpg	2128224	c8f474cf09e03f000b66cddfe6491ed91993d609dc0386f8134ad70d955cea1e	c8f474cf09e03f000b66cddfe6491ed91993d609dc0386f8134ad70d955cea1e	
UploadFiles/xwzx/2022/9/202209131001436363.jpg	UploadFiles/xwzx/2022/9/202209131001436363.jpg	2753348	32b308ba5394fa46ce28bc7b586adaef6d21af8c2b3cc138766d3c1f9a7ace98	32b308ba5394fa46ce28bc7b586adaef6d21af8c2b3cc138766d3c1f9a7ace98	
UploadFiles/xwzx/2022/9/202209131001580983.JPG	UploadFiles/xwzx/2022/9/202209131001580983.jpg	3624774	3dba835ab1efa30a93f94d5ce75afd84e05987e3baddf3cb021f62b16847927d	3dba835ab1efa30a93f94d5ce75afd84e05987e3baddf3cb021f62b16847927d	
UploadFiles/xwzx/2022/9/202209131002016907.JPG	UploadFiles/xwzx/2022/9/202209131002016907.jpg	3605549	864b9eb6d15956c8bd0995e610c66d2832b7ba6ab4f3128a85f078edfb2f6bf7	864b9eb6d15956c8bd0995e610c66d2832b7ba6ab4f3128a85f078edfb2f6bf7	
UploadFiles/xwzx/2022/9/202209131002049936.JPG	UploadFiles/xwzx/2022/9/202209131002049936.jpg	4256200	5039ea50172d03d5debe13a32b3836dcb537ab96888d74e3293408b14f0ea6df	5039ea50172d03d5debe13a32b3836dcb537ab96888d74e3293408b14f0ea6df	
UploadFiles/xwzx/2022/9/202209131002078380.JPG	UploadFiles/xwzx/2022/9/202209131002078380.jpg	3971712	0859b5fec79d007f08aa86ffbf69a5af8a3381c47d21d21aaa69af2410ff20f3	0859b5fec79d007f08aa86ffbf69a5af8a3381c47d21d21aaa69af2410ff20f3	
UploadFiles/xwzx/2022/9/202209131002092178.JPG	UploadFiles/xwzx/2022/9/202209131002092178.jpg	3717409	443c54daa04cc889743bc59e68bb42e573cf178ffa8686aecd50a0bf5d9c64e6	443c54daa04cc889743bc59e68bb42e573cf178ffa8686aecd50a0bf5d9c64e6	
UploadFiles/xwzx/2022/9/202209131002122884.JPG	UploadFiles/xwzx/2022/9/202209131002122884.jpg	2860707	985198b9c0c56827d9f42ba4453d19eef3445d0008976ef536a9d60d9d76c91b	985198b9c0c56827d9f42ba4453d19eef3445d0008976ef536a9d60d9d76c91b	
UploadFiles/xwzx/2022/9/202209131002126286.JPG	UploadFiles/xwzx/2022/9/202209131002126286.jpg	4487419	865d21663fe99bf6194f770d599d085381748670f568d8506362ff9d7c6feca7	865d21663fe99bf6194f770d599d085381748670f568d8506362ff9d7c6feca7	
UploadFiles/xwzx/2022/9/202209131002155901.JPG	UploadFiles/xwzx/2022/9/202209131002155901.jpg	5311639	17198fac6edd2e193d3c56292f03e6edd138ccf37719b2d95cc9b5bdf56a6d3a	17198fac6edd2e193d3c56292f03e6edd138ccf37719b2d95cc9b5bdf56a6d3a	
UploadFiles/xwzx/2022/9/202209131002170801.JPG	UploadFiles/xwzx/2022/9/202209131002170801.jpg	4446905	4118a6d511d0006b081500afb096a0d346dd34a98ebfbed622be405b37c42eb9	4118a6d511d0006b081500afb096a0d346dd34a98ebfbed622be405b37c42eb9	
UploadFiles/xwzx/2022/9/202209131002189627.JPG	UploadFiles/xwzx/2022/9/202209131002189627.jpg	4059692	fa2e9ea3efd08829b94dcd5161c08d46556fcb0ac548de38d125752de9253f76	fa2e9ea3efd08829b94dcd5161c08d46556fcb0ac548de38d125752de9253f76	
UploadFiles/xwzx/2022/9/202209131002192730.JPG	UploadFiles/xwzx/2022/9/202209131002192730.jpg	3123226	900da5945e2d77490ac9f41ce6a5c470c621a2c2791c4a362096c2da242f2fdb	900da5945e2d77490ac9f41ce6a5c470c621a2c2791c4a362096c2da242f2fdb	
UploadFiles/xwzx/2022/9/202209131002207903.JPG	UploadFiles/xwzx/2022/9/202209131002207903.jpg	3261161	05ecf9271a3adf84cb32ad479be8d87037d62a4820f18d055832c8365879c769	05ecf9271a3adf84cb32ad479be8d87037d62a4820f18d055832c8365879c769	
UploadFiles/xwzx/2022/9/202209131933173465.png	UploadFiles/xwzx/2022/9/202209131933173465.png	18234	a446b9666e442887618aabbe754d0ba01c1c983647a5b83b890b0b195e054fe9	a446b9666e442887618aabbe754d0ba01c1c983647a5b83b890b0b195e054fe9	
UploadFiles/xwzx/2022/9/202209150815133115.png	UploadFiles/xwzx/2022/9/202209150815133115.png	98029	6bee78fb62d31888e25ebb0173e8fbbcdb6d8873a5cd0c703cdfe5fbcbb5ee08	6bee78fb62d31888e25ebb0173e8fbbcdb6d8873a5cd0c703cdfe5fbcbb5ee08	
UploadFiles/xwzx/2022/9/202209151625474585.png	UploadFiles/xwzx/2022/9/202209151625474585.png	27825	02c6c7e7b3fdf7e06a11a003061f930fc438a6fb8121ba6a4bdaef5269172d34	02c6c7e7b3fdf7e06a11a003061f930fc438a6fb8121ba6a4bdaef5269172d34	
UploadFiles/xwzx/2022/9/202209160843376969.png	UploadFiles/xwzx/2022/9/202209160843376969.png	98106	3d45a81b11cc5b0d07192a35c0e02fccbabb849d3bf9ed85a087bce83ce357bc	3d45a81b11cc5b0d07192a35c0e02fccbabb849d3bf9ed85a087bce83ce357bc	
UploadFiles/xwzx/2022/9/202209170812023477.png	UploadFiles/xwzx/2022/9/202209170812023477.png	11891	35bb53d0fba97967d85bbb10129997396796fc47b87afdd2efeea2a54006d0d7	35bb53d0fba97967d85bbb10129997396796fc47b87afdd2efeea2a54006d0d7	
UploadFiles/xwzx/2022/9/202209170911043314.png	UploadFiles/xwzx/2022/9/202209170911043314.png	148313	1c7206318fafdbd4b4b17434720f76b80056ac9b42b8198e72212dc6c481d4e9	1c7206318fafdbd4b4b17434720f76b80056ac9b42b8198e72212dc6c481d4e9	
UploadFiles/xwzx/2022/9/202209171511143481.jpg	UploadFiles/xwzx/2022/9/202209171511143481.jpg	491417	5567792e49d2e5d1555a4806056b697d53bb991ff8adf1ffade80285ac83ed14	5567792e49d2e5d1555a4806056b697d53bb991ff8adf1ffade80285ac83ed14	
UploadFiles/xwzx/2022/9/202209190834234623.png	UploadFiles/xwzx/2022/9/202209190834234623.png	31319	45c33d92939cee597597951695b7d3a86d9c046dfefe876c8c516118090e8a1b	45c33d92939cee597597951695b7d3a86d9c046dfefe876c8c516118090e8a1b	
UploadFiles/xwzx/2022/9/202209190835320175.png	UploadFiles/xwzx/2022/9/202209190835320175.png	23960	0512cfdaa7060f65c128afedc4eaf4cc7f76e1d60a3f003be1aa351835a791d6	0512cfdaa7060f65c128afedc4eaf4cc7f76e1d60a3f003be1aa351835a791d6	
UploadFiles/xwzx/2022/9/202209191625582863.jpg	UploadFiles/xwzx/2022/9/202209191625582863.jpg	428413	6c2cdc60615042cc38c06abe6d015c97d14fda8821afc6b985846b1c048303df	6c2cdc60615042cc38c06abe6d015c97d14fda8821afc6b985846b1c048303df	
UploadFiles/xwzx/2022/9/202209200946085710.jpg	UploadFiles/xwzx/2022/9/202209200946085710.jpg	447386	47e66aeb3e44160ef99cc6be0002e32f63ff61e0cf33a3d0a6be2b06853ac537	47e66aeb3e44160ef99cc6be0002e32f63ff61e0cf33a3d0a6be2b06853ac537	
UploadFiles/xwzx/2022/9/202209200946116463.jpg	UploadFiles/xwzx/2022/9/202209200946116463.jpg	678967	294d486be27d7d222a0b02b60afc31d26debbad58011859d15c1f6b5ef5ecfc6	294d486be27d7d222a0b02b60afc31d26debbad58011859d15c1f6b5ef5ecfc6	
UploadFiles/xwzx/2022/9/202209201451512738.jpg	UploadFiles/xwzx/2022/9/202209201451512738.jpg	83718	e209de4512098336af37fa01ddd3c191f412d8998adbcba0b7b9957c1698d442	e209de4512098336af37fa01ddd3c191f412d8998adbcba0b7b9957c1698d442	
UploadFiles/xwzx/2022/9/202209201452027138.jpg	UploadFiles/xwzx/2022/9/202209201452027138.jpg	77641	58bfd33d723b414a4e5ac15e4eb7aa2058f23dd768408b003bff90d3e7645071	58bfd33d723b414a4e5ac15e4eb7aa2058f23dd768408b003bff90d3e7645071	
UploadFiles/xwzx/2022/9/202209201626237873.png	UploadFiles/xwzx/2022/9/202209201626237873.png	150118	c150fa1ccf94376aa509223880c6738ee0ad388ca08070eb74c7916adbfb3279	c150fa1ccf94376aa509223880c6738ee0ad388ca08070eb74c7916adbfb3279	
UploadFiles/xwzx/2022/9/202209211054085628.jpg	UploadFiles/xwzx/2022/9/202209211054085628.jpg	1169691	a66b2e27120488c1c97551d06a659a5480ef40851b6a6e47c1bfb35bff8b424a	a66b2e27120488c1c97551d06a659a5480ef40851b6a6e47c1bfb35bff8b424a	
UploadFiles/xwzx/2022/9/202209211121216460.png	UploadFiles/xwzx/2022/9/202209211121216460.png	147038	f68cc2e1c825cd9ef6351df575ea942280afdd3f3ed828deb2af6d27c67639cc	f68cc2e1c825cd9ef6351df575ea942280afdd3f3ed828deb2af6d27c67639cc	
UploadFiles/xwzx/2022/9/202209220852217926.png	UploadFiles/xwzx/2022/9/202209220852217926.png	146355	a8e6c88a941819adedfb9729f2fe5e5939b5b61b63824126c48e6bdbee560725	a8e6c88a941819adedfb9729f2fe5e5939b5b61b63824126c48e6bdbee560725	
UploadFiles/xwzx/2022/9/202209221521347937.Jpeg	UploadFiles/xwzx/2022/9/202209221521347937.jpeg	1095	c8d181e5871884d9077ee6e8a5ace456ec007b64d09a82db624bf94c70492740	c8d181e5871884d9077ee6e8a5ace456ec007b64d09a82db624bf94c70492740	
UploadFiles/xwzx/2022/9/202209221557052949.png	UploadFiles/xwzx/2022/9/202209221557052949.png	17990	2479674293f1bb51619a816336bcebfd93bb234062db998f9827baaefc9aa4e8	2479674293f1bb51619a816336bcebfd93bb234062db998f9827baaefc9aa4e8	
UploadFiles/xwzx/2022/9/202209230818029333.png	UploadFiles/xwzx/2022/9/202209230818029333.png	8887	80620c1beda7bab34824b3f1ba02da5a9afa6114f4a26decdf477daa1c47d985	80620c1beda7bab34824b3f1ba02da5a9afa6114f4a26decdf477daa1c47d985	
UploadFiles/xwzx/2022/9/202209231557422773.png	UploadFiles/xwzx/2022/9/202209231557422773.png	150105	7b7d5da263a6ad14bb1c7fe6cc53d9ebb2cdb980c47b428e191d7a12d7b906cf	7b7d5da263a6ad14bb1c7fe6cc53d9ebb2cdb980c47b428e191d7a12d7b906cf	
UploadFiles/xwzx/2022/9/202209240856168624.jpg	UploadFiles/xwzx/2022/9/202209240856168624.jpg	734698	d00dd2a9b7d58c58ae9eb6fd15eaea0372c79ba8ef92597012fcfeb7c3ee6510	d00dd2a9b7d58c58ae9eb6fd15eaea0372c79ba8ef92597012fcfeb7c3ee6510	
UploadFiles/xwzx/2022/9/202209240907027540.png	UploadFiles/xwzx/2022/9/202209240907027540.png	97605	15bf2f01c186de8436883db744f24d57d14dd7617dce0993caa63a0932b1e038	15bf2f01c186de8436883db744f24d57d14dd7617dce0993caa63a0932b1e038	
UploadFiles/xwzx/2022/9/202209260825034288.png	UploadFiles/xwzx/2022/9/202209260825034288.png	146319	a76e96e0406273b59e3f224b2011c9a6526ce8abe2899a45b274decae7ec42f9	a76e96e0406273b59e3f224b2011c9a6526ce8abe2899a45b274decae7ec42f9	
UploadFiles/xwzx/2022/9/202209270902214059.jpg	UploadFiles/xwzx/2022/9/202209270902214059.jpg	8061972	3f35020ae7e911dc0d16eb9efd3cf8319a83fcfe9049078d06a747c4dbfa15cc	3f35020ae7e911dc0d16eb9efd3cf8319a83fcfe9049078d06a747c4dbfa15cc	
UploadFiles/xwzx/2022/9/202209270902244070.jpg	UploadFiles/xwzx/2022/9/202209270902244070.jpg	6690032	850df8d345861eab1110ecd03593256d28b4ed03dac52708f677674426d6547b	850df8d345861eab1110ecd03593256d28b4ed03dac52708f677674426d6547b	
UploadFiles/xwzx/2022/9/202209270902260128.jpg	UploadFiles/xwzx/2022/9/202209270902260128.jpg	2594112	7405da1ea232227325715e9cd56e2236544ac31730b17c3539928bfe0c731908	7405da1ea232227325715e9cd56e2236544ac31730b17c3539928bfe0c731908	
UploadFiles/xwzx/2022/9/202209270902306139.jpg	UploadFiles/xwzx/2022/9/202209270902306139.jpg	2664921	ee9cd613a722e668ae73d2ed66ebedceec57360030362c18f86c1434f47a4815	ee9cd613a722e668ae73d2ed66ebedceec57360030362c18f86c1434f47a4815	
UploadFiles/xwzx/2022/9/202209270902336361.jpg	UploadFiles/xwzx/2022/9/202209270902336361.jpg	4856039	10cad7825a6868fdf661ecf26620286a2604436ca38d07b3a0ab5b680a24ede9	10cad7825a6868fdf661ecf26620286a2604436ca38d07b3a0ab5b680a24ede9	
UploadFiles/xwzx/2022/9/202209270902383689.jpg	UploadFiles/xwzx/2022/9/202209270902383689.jpg	4745250	b3d445de0218e848f4f783de42cb6aa830da2d1897331f7f9e1d5f218506e8cd	b3d445de0218e848f4f783de42cb6aa830da2d1897331f7f9e1d5f218506e8cd	
UploadFiles/xwzx/2022/9/202209270902411510.jpg	UploadFiles/xwzx/2022/9/202209270902411510.jpg	2673226	9741c3bc6e0560b3bf93c2ef317c6f25f4f3870f052d0f8c53c2a562dad5663c	9741c3bc6e0560b3bf93c2ef317c6f25f4f3870f052d0f8c53c2a562dad5663c	
UploadFiles/xwzx/2022/9/202209270902429924.jpg	UploadFiles/xwzx/2022/9/202209270902429924.jpg	330963	b84c1c89fa11d68d4098fe6c839d8e00644c41272cb4cc83f9e9de676866d7e5	b84c1c89fa11d68d4098fe6c839d8e00644c41272cb4cc83f9e9de676866d7e5	
UploadFiles/xwzx/2022/9/202209270902485293.jpg	UploadFiles/xwzx/2022/9/202209270902485293.jpg	5119827	34eb6f0c646e39637c24d031e6e30593e64480ca18e206f2b104113927e86bc3	34eb6f0c646e39637c24d031e6e30593e64480ca18e206f2b104113927e86bc3	
UploadFiles/xwzx/2022/9/202209270902487395.jpg	UploadFiles/xwzx/2022/9/202209270902487395.jpg	5177118	b8d614a5b7923fe966ecbfe975b661dda35357d662d69847e416a607904fe152	b8d614a5b7923fe966ecbfe975b661dda35357d662d69847e416a607904fe152	
UploadFiles/xwzx/2022/9/202209270902522924.jpg	UploadFiles/xwzx/2022/9/202209270902522924.jpg	3915143	52a9ede4fdce8f4166842f7a4e9529a1f2bc8a6cfb11e948dc00bb703421c55f	52a9ede4fdce8f4166842f7a4e9529a1f2bc8a6cfb11e948dc00bb703421c55f	
UploadFiles/xwzx/2022/9/202209270902567080.jpg	UploadFiles/xwzx/2022/9/202209270902567080.jpg	5269462	d0caad93f43d12dd69aea640683361d09ec82604ef7d950d63a52ae9c1818748	d0caad93f43d12dd69aea640683361d09ec82604ef7d950d63a52ae9c1818748	
UploadFiles/xwzx/2022/9/202209270903009228.jpg	UploadFiles/xwzx/2022/9/202209270903009228.jpg	7051580	c566d5ffe308ab41c07d8f26b3fb2f727bfd6d526d1cb949e783817aaa4deb69	c566d5ffe308ab41c07d8f26b3fb2f727bfd6d526d1cb949e783817aaa4deb69	
UploadFiles/xwzx/2022/9/202209270906578477.jpg	UploadFiles/xwzx/2022/9/202209270906578477.jpg	5561449	18873641f0eaa51fe8793ec8f6bf6902bbedee2dff19c5aa9895cbe5a3ed793c	18873641f0eaa51fe8793ec8f6bf6902bbedee2dff19c5aa9895cbe5a3ed793c	
UploadFiles/xwzx/2022/9/202209270906581678.jpg	UploadFiles/xwzx/2022/9/202209270906581678.jpg	3172797	47c08bcf323cec8938fadbf6b8fa0dae845c4d5fd8ebf391de6ab3b9d7f67068	47c08bcf323cec8938fadbf6b8fa0dae845c4d5fd8ebf391de6ab3b9d7f67068	
UploadFiles/xwzx/2022/9/202209270907008610.jpg	UploadFiles/xwzx/2022/9/202209270907008610.jpg	5626248	8454f6339e005c9f933e925ab3de15c0c562d40f18627265d1c5f755a4a63f19	8454f6339e005c9f933e925ab3de15c0c562d40f18627265d1c5f755a4a63f19	
UploadFiles/xwzx/2022/9/202209270908199712.JPG	UploadFiles/xwzx/2022/9/202209270908199712.jpg	3752794	5e4f14e513d9f75351c64958f97aa0f106117bca4604e11b343ce796c5261bb5	5e4f14e513d9f75351c64958f97aa0f106117bca4604e11b343ce796c5261bb5	
UploadFiles/xwzx/2022/9/202209270935362743.jpg	UploadFiles/xwzx/2022/9/202209270935362743.jpg	21684369	cc11dc2b22f7381cfa0dceedd879adeddfa781dd450c39d6af34cb94e5e3f64e	cc11dc2b22f7381cfa0dceedd879adeddfa781dd450c39d6af34cb94e5e3f64e	
UploadFiles/xwzx/2022/9/202209270935394293.png	UploadFiles/xwzx/2022/9/202209270935394293.png	217432	b34f2b2bbeb391f648f85ca4323e9fbfe3f064e685b3fd5d418e20346c4d6ed4	b34f2b2bbeb391f648f85ca4323e9fbfe3f064e685b3fd5d418e20346c4d6ed4	
UploadFiles/xwzx/2022/9/202209270935414420.jpg	UploadFiles/xwzx/2022/9/202209270935414420.jpg	637166	0ed6e0d7f5493ec81d10bce75f4f859c3d2071f38dd1b3c84813de4eaf5ad7ca	0ed6e0d7f5493ec81d10bce75f4f859c3d2071f38dd1b3c84813de4eaf5ad7ca	
UploadFiles/xwzx/2022/9/202209270935456106.jpg	UploadFiles/xwzx/2022/9/202209270935456106.jpg	389538	e040c34df892552121715ab7b28e2d4fd6984a68464f21b0b410143de1ea33e6	e040c34df892552121715ab7b28e2d4fd6984a68464f21b0b410143de1ea33e6	
UploadFiles/xwzx/2022/9/202209270935547362.jpg	UploadFiles/xwzx/2022/9/202209270935547362.jpg	6158720	3d3f29f4fd6314da3709aa8aa34ae718babbf7f0339733dd86ab008c8a9e1838	3d3f29f4fd6314da3709aa8aa34ae718babbf7f0339733dd86ab008c8a9e1838	
UploadFiles/xwzx/2022/9/202209270935576139.jpg	UploadFiles/xwzx/2022/9/202209270935576139.jpg	552635	392f790017730ec953a305ddb56d9ab4185aa17f6040be9bab22f50be87e0a9f	392f790017730ec953a305ddb56d9ab4185aa17f6040be9bab22f50be87e0a9f	
UploadFiles/xwzx/2022/9/202209270936015055.jpg	UploadFiles/xwzx/2022/9/202209270936015055.jpg	23571138	f4d12da5795294a6f4c9f6b2e7b44dc0a85b46b0163f71d0cf4dd5a4d768e822	f4d12da5795294a6f4c9f6b2e7b44dc0a85b46b0163f71d0cf4dd5a4d768e822	
UploadFiles/xwzx/2022/9/202209270936018149.jpg	UploadFiles/xwzx/2022/9/202209270936018149.jpg	180609	1eaa53329e97c2746fd2fb920b643bb2965b5e095eb4888d4333a67c0be5216e	1eaa53329e97c2746fd2fb920b643bb2965b5e095eb4888d4333a67c0be5216e	
UploadFiles/xwzx/2022/9/202209270936139582.jpg	UploadFiles/xwzx/2022/9/202209270936139582.jpg	7862135	80f332e172148f59d200501de965d54d32059d7f70fd5236f8ffa0a5471a604a	80f332e172148f59d200501de965d54d32059d7f70fd5236f8ffa0a5471a604a	
UploadFiles/xwzx/2022/9/202209270936168835.jpg	UploadFiles/xwzx/2022/9/202209270936168835.jpg	4262881	dbcd90e9b50dfcaac21c6e69a2603426c386596305be608df3ea3873fe670d2d	dbcd90e9b50dfcaac21c6e69a2603426c386596305be608df3ea3873fe670d2d	
UploadFiles/xwzx/2022/9/202209270936285427.jpg	UploadFiles/xwzx/2022/9/202209270936285427.jpg	12761668	e3a9e1186f7044ac10cda1c64bc81a5e6dec900980a341a320f18afe45361fa8	e3a9e1186f7044ac10cda1c64bc81a5e6dec900980a341a320f18afe45361fa8	
UploadFiles/xwzx/2022/9/202209270936444617.jpg	UploadFiles/xwzx/2022/9/202209270936444617.jpg	9668896	226f7ff266a56077bbc36bc7447dbd3754b9b4df9b63cb413676ea24e64696fe	226f7ff266a56077bbc36bc7447dbd3754b9b4df9b63cb413676ea24e64696fe	
UploadFiles/xwzx/2022/9/202209270936485425.png	UploadFiles/xwzx/2022/9/202209270936485425.png	2060093	7f7bc7f9b6910d4e62348ede28d4a70c1415a68fb4c3d99a020c4e21a6c2ae6e	7f7bc7f9b6910d4e62348ede28d4a70c1415a68fb4c3d99a020c4e21a6c2ae6e	
UploadFiles/xwzx/2022/9/202209270937061860.jpg	UploadFiles/xwzx/2022/9/202209270937061860.jpg	9221540	20b778fdd7e207fc2898653d1e0d72b3e1e4a19205a8006e41ec2081e7d3c125	20b778fdd7e207fc2898653d1e0d72b3e1e4a19205a8006e41ec2081e7d3c125	
UploadFiles/xwzx/2022/9/202209270937173484.jpg	UploadFiles/xwzx/2022/9/202209270937173484.jpg	6517331	ab1de89ec9e27f83c13655b11f196a664a400d269de1ca643486feb92a2ad4d3	ab1de89ec9e27f83c13655b11f196a664a400d269de1ca643486feb92a2ad4d3	
UploadFiles/xwzx/2022/9/202209270937267353.jpg	UploadFiles/xwzx/2022/9/202209270937267353.jpg	1355976	50e9f950f38e45bf3f59feef188db09cb0d8cde3fa738562f29a3ce725a7ec52	50e9f950f38e45bf3f59feef188db09cb0d8cde3fa738562f29a3ce725a7ec52	
UploadFiles/xwzx/2022/9/202209270937459200.jpg	UploadFiles/xwzx/2022/9/202209270937459200.jpg	22197486	03d95a89a41a164d8bedd5d1c6139b41dedd5d821bf12a9b092f20d67a5d874b	03d95a89a41a164d8bedd5d1c6139b41dedd5d821bf12a9b092f20d67a5d874b	
UploadFiles/xwzx/2022/9/202209270938012888.jpg	UploadFiles/xwzx/2022/9/202209270938012888.jpg	7237783	b6c83b3bce9542d4caaa3afa9e1f055dc0a2db46bbd66e67346b24c8eef762ed	b6c83b3bce9542d4caaa3afa9e1f055dc0a2db46bbd66e67346b24c8eef762ed	
UploadFiles/xwzx/2022/9/202209270938100071.jpg	UploadFiles/xwzx/2022/9/202209270938100071.jpg	12078421	e7e0e2f831ba7c4956b4e1f15d512b0a7786c08efe8763581fbdfae1fe9ac1f0	e7e0e2f831ba7c4956b4e1f15d512b0a7786c08efe8763581fbdfae1fe9ac1f0	
UploadFiles/xwzx/2022/9/202209270938218658.jpg	UploadFiles/xwzx/2022/9/202209270938218658.jpg	9875280	b20d0c7cd2a265fc29bde2b9392d067120924aad4eeb2f16b605cf1e2db03dfa	b20d0c7cd2a265fc29bde2b9392d067120924aad4eeb2f16b605cf1e2db03dfa	
UploadFiles/xwzx/2022/9/202209270938288893.JPG	UploadFiles/xwzx/2022/9/202209270938288893.jpg	6899297	a684f2ca43ba7975c30ce1bbbe44448564a95398cec3ef870e69ceceaf85b9cb	a684f2ca43ba7975c30ce1bbbe44448564a95398cec3ef870e69ceceaf85b9cb	
UploadFiles/xwzx/2022/9/202209270938438871.jpg	UploadFiles/xwzx/2022/9/202209270938438871.jpg	79494539	dc035bec8d3440496b7139da882f00dcfee0423c9dbf29323faf23259fb33c82	dc035bec8d3440496b7139da882f00dcfee0423c9dbf29323faf23259fb33c82	
UploadFiles/xwzx/2022/9/202209270944169883.jpg	UploadFiles/xwzx/2022/9/202209270944169883.jpg	1096451	ef8aa52ef4f64b8a05ed9348a20ac310e6bf01c86a4633ad441fa4a002d32567	ef8aa52ef4f64b8a05ed9348a20ac310e6bf01c86a4633ad441fa4a002d32567	
UploadFiles/xwzx/2022/9/202209270944170972.jpg	UploadFiles/xwzx/2022/9/202209270944170972.jpg	496659	3073a97f5907f6f25abd5aac9a4d0c4f529d4b1f40dd6ddc31968b0114274dd8	3073a97f5907f6f25abd5aac9a4d0c4f529d4b1f40dd6ddc31968b0114274dd8	
UploadFiles/xwzx/2022/9/202209270944199981.jpg	UploadFiles/xwzx/2022/9/202209270944199981.jpg	1122386	7f2388bf9c7143e84890233611f4509e34a28ca4b7d35b99cf602cce66319bb5	7f2388bf9c7143e84890233611f4509e34a28ca4b7d35b99cf602cce66319bb5	
UploadFiles/xwzx/2022/9/202209270944200517.JPG	UploadFiles/xwzx/2022/9/202209270944200517.jpg	253991	813899b7ff05f2e2cbec7a9b2e11a525ee58569b04bd9f1fe5a3a71bd23bc9e5	813899b7ff05f2e2cbec7a9b2e11a525ee58569b04bd9f1fe5a3a71bd23bc9e5	
UploadFiles/xwzx/2022/9/202209270944206147.jpg	UploadFiles/xwzx/2022/9/202209270944206147.jpg	1257039	fedd80db0db23fdc5be0a5e3755a210613160b66b60d3aa0a0164a537e8c9855	fedd80db0db23fdc5be0a5e3755a210613160b66b60d3aa0a0164a537e8c9855	
UploadFiles/xwzx/2022/9/202209270944206451.jpg	UploadFiles/xwzx/2022/9/202209270944206451.jpg	516708	2a0666f2afc41d459217556d21d6c03770ea9aa6507898c00d4558b615d48926	2a0666f2afc41d459217556d21d6c03770ea9aa6507898c00d4558b615d48926	
UploadFiles/xwzx/2022/9/202209270944209059.jpg	UploadFiles/xwzx/2022/9/202209270944209059.jpg	1114758	6e92aab9d4fddbb7b92f4af129c8f023e5e5c2c160131774bc948dc948dbb8ea	6e92aab9d4fddbb7b92f4af129c8f023e5e5c2c160131774bc948dc948dbb8ea	
UploadFiles/xwzx/2022/9/202209271019133140.png	UploadFiles/xwzx/2022/9/202209271019133140.png	147141	989582e75d927858b0dd6bee3e4c63e85f86e85010b0a93b5051ecfb5bd11012	989582e75d927858b0dd6bee3e4c63e85f86e85010b0a93b5051ecfb5bd11012	
UploadFiles/xwzx/2022/9/202209271217570570.png	UploadFiles/xwzx/2022/9/202209271217570570.png	56197	c9c37bbd1e523cfe17d16ab17ddc9007f50cb6f6237d8353e27cfb4302bbc8a3	c9c37bbd1e523cfe17d16ab17ddc9007f50cb6f6237d8353e27cfb4302bbc8a3	
UploadFiles/xwzx/2022/9/202209281040026759.png	UploadFiles/xwzx/2022/9/202209281040026759.png	147236	6461598a4980eeead0d180c7342aabf04b5a7261c0eab6f8ad422c34ae6f5600	6461598a4980eeead0d180c7342aabf04b5a7261c0eab6f8ad422c34ae6f5600	
UploadFiles/xwzx/2022/9/202209281056477374.Jpeg	UploadFiles/xwzx/2022/9/202209281056477374.jpeg	29396	9296f036f0b73d20bb5b21c2bee783981516697263cc33614631805a6fa4b508	9296f036f0b73d20bb5b21c2bee783981516697263cc33614631805a6fa4b508	
UploadFiles/xwzx/2022/9/202209290828519394.png	UploadFiles/xwzx/2022/9/202209290828519394.png	146543	f96aba862275e23b9a5959c5ad6daefe0890b7f0c5ebc73b74dadac20e72e6f7	f96aba862275e23b9a5959c5ad6daefe0890b7f0c5ebc73b74dadac20e72e6f7	
UploadFiles/xwzx/2022/9/202209291629130615.jpg	UploadFiles/xwzx/2022/9/202209291629130615.jpg	37544	e5e676234126f93003a8f02dd6831352e279fe9796490a18d2b8a2ef98bdc59d	e5e676234126f93003a8f02dd6831352e279fe9796490a18d2b8a2ef98bdc59d	
UploadFiles/xwzx/2022/9/202209291629136461.jpg	UploadFiles/xwzx/2022/9/202209291629136461.jpg	10908	4a83bae490057a063564ec78a05ce5b0e4d362c4da634586408caac17ea0de96	4a83bae490057a063564ec78a05ce5b0e4d362c4da634586408caac17ea0de96	
UploadFiles/xwzx/2022/9/202209300927077817.jpg	UploadFiles/xwzx/2022/9/202209300927077817.jpg	265000	009ef7276396ecec74482c1615390f3a47b1a39d012e14f4b0ae4721dbdb0abb	009ef7276396ecec74482c1615390f3a47b1a39d012e14f4b0ae4721dbdb0abb	
UploadFiles/xwzx/2022/9/202209300927333808.jpg	UploadFiles/xwzx/2022/9/202209300927333808.jpg	324406	40e1fc1871b343a7557b62697c3ed34e9a026eff643f572f1fe6cd7417d55020	40e1fc1871b343a7557b62697c3ed34e9a026eff643f572f1fe6cd7417d55020	
UploadFiles/xwzx/2022/9/202209300927368915.jpg	UploadFiles/xwzx/2022/9/202209300927368915.jpg	304391	b6b09577b1e262c27cc3e0921574cec5d8fc9b6dbb5590152e5f27139a3f3303	b6b09577b1e262c27cc3e0921574cec5d8fc9b6dbb5590152e5f27139a3f3303	
UploadFiles/xwzx/2022/9/202209300927393294.jpg	UploadFiles/xwzx/2022/9/202209300927393294.jpg	286208	1545d68599822039bfdbdfb52e2f274c28280193a0a77f0d2c3b724473e2d44d	1545d68599822039bfdbdfb52e2f274c28280193a0a77f0d2c3b724473e2d44d	
UploadFiles/xwzx/2022/9/202209300927419767.jpg	UploadFiles/xwzx/2022/9/202209300927419767.jpg	109540	69daf465af6ec61fe63889e8116c2b1183002a6ad5e0c101943d33d4757a024f	69daf465af6ec61fe63889e8116c2b1183002a6ad5e0c101943d33d4757a024f	
UploadFiles/xwzx/2022/9/202209300927446453.jpg	UploadFiles/xwzx/2022/9/202209300927446453.jpg	101210	5f41df229899f7ecd9406e65d835191f40b592b430e2cc12d77f6eaac3530fe1	5f41df229899f7ecd9406e65d835191f40b592b430e2cc12d77f6eaac3530fe1	
UploadFiles/xwzx/2022/9/202209300927468806.jpg	UploadFiles/xwzx/2022/9/202209300927468806.jpg	169519	033e6c83a2d20528ceb01df94ab4921f956bce5bd26d7a4312d1dfb8c622c6ea	033e6c83a2d20528ceb01df94ab4921f956bce5bd26d7a4312d1dfb8c622c6ea	
UploadFiles/xwzx/2022/9/202209300927499981.jpg	UploadFiles/xwzx/2022/9/202209300927499981.jpg	114131	5361efdbacc3e9b04de11f923580099cfb7d65e1679b816124b254d81418b413	5361efdbacc3e9b04de11f923580099cfb7d65e1679b816124b254d81418b413	
UploadFiles/xwzx/2022/9/202209300927523611.jpg	UploadFiles/xwzx/2022/9/202209300927523611.jpg	111835	7174f583e7b978003d345f001a49cca35d6ede6d7fbc28720e9e6733f3cb4dea	7174f583e7b978003d345f001a49cca35d6ede6d7fbc28720e9e6733f3cb4dea	
UploadFiles/xwzx/2022/9/202209300927567851.jpg	UploadFiles/xwzx/2022/9/202209300927567851.jpg	190790	1bc9fc4d1d705964d1f0d2085b523d7509d1764632fd401d67c3d72daf223d60	1bc9fc4d1d705964d1f0d2085b523d7509d1764632fd401d67c3d72daf223d60	
UploadFiles/xwzx/2022/9/202209300948294933.jpg	UploadFiles/xwzx/2022/9/202209300948294933.jpg	987950	d2653dd54e0c6b5aac13fa8caae317d08abc5aa2bd1fddc6c4b03015db10a133	d2653dd54e0c6b5aac13fa8caae317d08abc5aa2bd1fddc6c4b03015db10a133	
UploadFiles/xwzx/2022/9/202209300951301026.png	UploadFiles/xwzx/2022/9/202209300951301026.png	146392	4817867443f4742ef7670b4aba870c8abd10e4d79afedb2b47c25d062a3cdd8d	4817867443f4742ef7670b4aba870c8abd10e4d79afedb2b47c25d062a3cdd8d	
UploadFiles/xwzx/2022/9/202209300953092558.jpg	UploadFiles/xwzx/2022/9/202209300953092558.jpg	280542	805e4e65dad1264eba5d556f0d9b4ccd736074be49f6053817a8dd0cbc02b78f	805e4e65dad1264eba5d556f0d9b4ccd736074be49f6053817a8dd0cbc02b78f	
UploadFiles/xwzx/2022/9/202209300953120964.jpg	UploadFiles/xwzx/2022/9/202209300953120964.jpg	333880	8bf2f60da70f6fbe7c8b6b5beed23c50dff7a008501d223e6eef25e78c3624b5	8bf2f60da70f6fbe7c8b6b5beed23c50dff7a008501d223e6eef25e78c3624b5	
UploadFiles/xwzx/2022/9/202209300953155710.jpg	UploadFiles/xwzx/2022/9/202209300953155710.jpg	330477	997851eb3a5287cba302c8f3b000da4fe6ce27287d07b050de037d5fb8917b47	997851eb3a5287cba302c8f3b000da4fe6ce27287d07b050de037d5fb8917b47	
UploadFiles/xwzx/2022/9/202209300953175568.jpg	UploadFiles/xwzx/2022/9/202209300953175568.jpg	182850	f886c0cc0d368ae05257207d9456edc299169f7ef871ff6f5a91cabe29d30062	f886c0cc0d368ae05257207d9456edc299169f7ef871ff6f5a91cabe29d30062	
UploadFiles/xwzx/2022/9/202209301004106899.jpg	UploadFiles/xwzx/2022/9/202209301004106899.jpg	75909	1bee6d6fccba9502d93174ad9cc7f3ed9aafbabd7b9a7b2f2dbd873fdfe5be37	1bee6d6fccba9502d93174ad9cc7f3ed9aafbabd7b9a7b2f2dbd873fdfe5be37	
UploadFiles/xwzx/2022/9/202209301004149037.jpg	UploadFiles/xwzx/2022/9/202209301004149037.jpg	101879	37f4260dc4f5ad21498732a9a8a85bc2523716a298bd836e293b045874de0ab0	37f4260dc4f5ad21498732a9a8a85bc2523716a298bd836e293b045874de0ab0	
UploadFiles/xwzx/2022/9/202209301004169547.jpg	UploadFiles/xwzx/2022/9/202209301004169547.jpg	117855	277e447ad7f7377ebc64a058c6837b5b369d1b299e1869c29c6b0b86bf67d3aa	277e447ad7f7377ebc64a058c6837b5b369d1b299e1869c29c6b0b86bf67d3aa	
UploadFiles/xwzx/2022/9/202209301004192527.jpg	UploadFiles/xwzx/2022/9/202209301004192527.jpg	108244	6a49a6e4fe807cbd623d318db844e7aaf3e62a0bc85630daf7a852fdce7a8b01	6a49a6e4fe807cbd623d318db844e7aaf3e62a0bc85630daf7a852fdce7a8b01	
UploadFiles/xwzx/2022/9/202209301004221209.jpg	UploadFiles/xwzx/2022/9/202209301004221209.jpg	65675	ef3a50ef1397e2c5b4f5d3947be8b1ec2e1ef3d7fc2797b9d712cf4acd1caef7	ef3a50ef1397e2c5b4f5d3947be8b1ec2e1ef3d7fc2797b9d712cf4acd1caef7	
UploadFiles/xwzx/2022/9/202209301004240122.jpg	UploadFiles/xwzx/2022/9/202209301004240122.jpg	50628	e75f6486de3655dda6e9f22468f5c98d2c733d1b52072b9c7aa70b2a907e3cae	e75f6486de3655dda6e9f22468f5c98d2c733d1b52072b9c7aa70b2a907e3cae	
UploadFiles/xwzx/2022/9/202209301009113402.jpg	UploadFiles/xwzx/2022/9/202209301009113402.jpg	232707	f8ef4af526d9a3d4fe2bf44b9d9d36b489d373289317123e0455135a27cb400e	f8ef4af526d9a3d4fe2bf44b9d9d36b489d373289317123e0455135a27cb400e	
UploadFiles/xwzx/2022/9/202209301009148811.jpg	UploadFiles/xwzx/2022/9/202209301009148811.jpg	344745	4a54d943a545206c59c2d9fb09f0c58b603e216ebcfcc71b2831cfa0aebe98d9	4a54d943a545206c59c2d9fb09f0c58b603e216ebcfcc71b2831cfa0aebe98d9	
UploadFiles/xwzx/2022/9/202209301009181784.jpg	UploadFiles/xwzx/2022/9/202209301009181784.jpg	372500	75e3fa716e83c599aeaac4d8782622bcda3eadf9aa9fc4e75aa37e0bcda99296	75e3fa716e83c599aeaac4d8782622bcda3eadf9aa9fc4e75aa37e0bcda99296	
UploadFiles/xwzx/2022/9/202209301009215919.jpg	UploadFiles/xwzx/2022/9/202209301009215919.jpg	366577	aad26b2354d7267257e62f75154788a350034117f781498764ccda186d7aaed8	aad26b2354d7267257e62f75154788a350034117f781498764ccda186d7aaed8	
UploadFiles/xwzx/2022/9/202209301009285382.jpg	UploadFiles/xwzx/2022/9/202209301009285382.jpg	330349	c30f2ae0afaeae204d6ffae115c2ed5142bc8849841777e5bbc69a31fdb3233e	c30f2ae0afaeae204d6ffae115c2ed5142bc8849841777e5bbc69a31fdb3233e	
UploadFiles/xwzx/2022/9/202209301009314675.jpg	UploadFiles/xwzx/2022/9/202209301009314675.jpg	252039	3103192c0c7b85aefa52fc9c13eab1393cfe1117522e285189ea010a947886c4	3103192c0c7b85aefa52fc9c13eab1393cfe1117522e285189ea010a947886c4	
UploadFiles/xwzx/2022/9/202209301009346674.jpg	UploadFiles/xwzx/2022/9/202209301009346674.jpg	284584	051d1cc7181862d9c6f2ce953362909836598e85b66516cfa54c9c4693345100	051d1cc7181862d9c6f2ce953362909836598e85b66516cfa54c9c4693345100	
UploadFiles/xwzx/2022/9/202209301009391450.jpg	UploadFiles/xwzx/2022/9/202209301009391450.jpg	147552	af8b60c895107e9f4acd6274764f52489f714369141b2e824644e26e187f4a32	af8b60c895107e9f4acd6274764f52489f714369141b2e824644e26e187f4a32	
UploadFiles/xwzx/2022/9/202209301039438327.jpg	UploadFiles/xwzx/2022/9/202209301039438327.jpg	202711	401e7f8b87975532a5ba45cfa92d43b999d125387c7bc54ff607676838f10495	401e7f8b87975532a5ba45cfa92d43b999d125387c7bc54ff607676838f10495	
UploadFiles/xwzx/2022/9/202209301039457239.jpg	UploadFiles/xwzx/2022/9/202209301039457239.jpg	148793	0648d1613829fb8792f27e83e61f0e43577e2a7615fb197beea3cdcb5fdb5daa	0648d1613829fb8792f27e83e61f0e43577e2a7615fb197beea3cdcb5fdb5daa	
UploadFiles/xwzx/2022/9/202209301039474801.jpg	UploadFiles/xwzx/2022/9/202209301039474801.jpg	211897	affaf4334d13ae1a87adc3bbada737cc564d7654c8d3b5b1412d488fd4372e43	affaf4334d13ae1a87adc3bbada737cc564d7654c8d3b5b1412d488fd4372e43	
UploadFiles/xwzx/2022/9/202209301039502664.jpg	UploadFiles/xwzx/2022/9/202209301039502664.jpg	286629	447d8970e2a5108b16921a045e1f5ee672a98d6caaf3d48191b683b7894ea55a	447d8970e2a5108b16921a045e1f5ee672a98d6caaf3d48191b683b7894ea55a	
UploadFiles/xwzx/2022/9/202209301039535207.jpg	UploadFiles/xwzx/2022/9/202209301039535207.jpg	328900	69584811622b02351cc63a54a3b929e40e9d6febf7018c4be20ee4d60dc3c1a4	69584811622b02351cc63a54a3b929e40e9d6febf7018c4be20ee4d60dc3c1a4	
UploadFiles/xwzx/2022/9/202209301039569728.jpg	UploadFiles/xwzx/2022/9/202209301039569728.jpg	248752	07bad795ff60f06e22449186a991d0a829e7e9b6327abfdbdc3118a3a5874f11	07bad795ff60f06e22449186a991d0a829e7e9b6327abfdbdc3118a3a5874f11	
UploadFiles/xwzx/2022/9/202209301039582853.jpg	UploadFiles/xwzx/2022/9/202209301039582853.jpg	85959	a369a9bdb00c8f163a252fe480bc9936d4e9a5ec5e4d9b57657b83aacf4ab4b1	a369a9bdb00c8f163a252fe480bc9936d4e9a5ec5e4d9b57657b83aacf4ab4b1	
UploadFiles/xwzx/2022/9/202209301040034554.jpg	UploadFiles/xwzx/2022/9/202209301040034554.jpg	232357	1d866333b7caa411b01c3e5fe95630c28a9d656be0132add01d9c7158f1b96b7	1d866333b7caa411b01c3e5fe95630c28a9d656be0132add01d9c7158f1b96b7	
UploadFiles/xwzx/2022/9/202209301040071484.jpg	UploadFiles/xwzx/2022/9/202209301040071484.jpg	236529	74359ee04a9df4ed6990f4c27cf047b1ca99d640ea0ce308eb5463d07352ae95	74359ee04a9df4ed6990f4c27cf047b1ca99d640ea0ce308eb5463d07352ae95	
UploadFiles/xwzx/2022/9/202209301040102894.jpg	UploadFiles/xwzx/2022/9/202209301040102894.jpg	84830	f9de5b5c85a092f26a65d09c78a3ab76ed23b5f0b555a84a279d6a542814d046	f9de5b5c85a092f26a65d09c78a3ab76ed23b5f0b555a84a279d6a542814d046	
UploadFiles/xwzx/2022/9/202209301040160296.jpg	UploadFiles/xwzx/2022/9/202209301040160296.jpg	226720	5ffd702c9590be4b65031ed8dca81605359cf9bef3c64b2eba0c604e29391c5a	5ffd702c9590be4b65031ed8dca81605359cf9bef3c64b2eba0c604e29391c5a	
UploadFiles/xwzx/2022/9/202209301040219057.jpg	UploadFiles/xwzx/2022/9/202209301040219057.jpg	110709	5424dab5e09747f11d9427ea8d68917bb1df7dd269c3d0437c8feaf90f7bf32a	5424dab5e09747f11d9427ea8d68917bb1df7dd269c3d0437c8feaf90f7bf32a	
UploadFiles/xwzx/2022/9/202209301040251036.jpg	UploadFiles/xwzx/2022/9/202209301040251036.jpg	270703	9c1fc6d3fda4c1489939565c6aa609516de05c522e7a97b1927b69bd72789f7f	9c1fc6d3fda4c1489939565c6aa609516de05c522e7a97b1927b69bd72789f7f	
UploadFiles/xwzx/2022/9/202209301040283390.jpg	UploadFiles/xwzx/2022/9/202209301040283390.jpg	313784	b3e577441af39b8a7142bb0e123f89c9dc17b07aef3ebe3439cac93440ba212a	b3e577441af39b8a7142bb0e123f89c9dc17b07aef3ebe3439cac93440ba212a	
UploadFiles/xwzx/2022/9/202209301040320348.jpg	UploadFiles/xwzx/2022/9/202209301040320348.jpg	160361	57e1e458c4b04b61324e666bfc388f110c8dd814761925d025e28af3a9f1bda5	57e1e458c4b04b61324e666bfc388f110c8dd814761925d025e28af3a9f1bda5	
UploadFiles/xwzx/2022/9/202209301040377048.jpg	UploadFiles/xwzx/2022/9/202209301040377048.jpg	71391	feaeb2586f7a94549b3722c0b44b5923bc20a020838f699b32e7e5130d8616dd	feaeb2586f7a94549b3722c0b44b5923bc20a020838f699b32e7e5130d8616dd	
UploadFiles/xwzx/2022/9/202209301406172218.jpg	UploadFiles/xwzx/2022/9/202209301406172218.jpg	176018	28fa2b1fa01cac45c0e6c127e79128160344b9b513bbd091e9f4e320a9c9e124	28fa2b1fa01cac45c0e6c127e79128160344b9b513bbd091e9f4e320a9c9e124	
UploadFiles/xwzx/2022/9/202209301406279997.jpg	UploadFiles/xwzx/2022/9/202209301406279997.jpg	173688	bac6ce087cd6c04800712773740ccdec51925773dd7902636019941e73583baf	bac6ce087cd6c04800712773740ccdec51925773dd7902636019941e73583baf	
